datetime,tempmax,tempmin,temp,dew,humidity,precip,preciptype,windgust,windspeed,wildfire,
1/1/2018,62.2,37.9,48,39.5,73.1,0,,11.4,5.8,,
1/2/2018,63.2,39.8,50.1,39.8,69.2,0,,9.2,5.1,,
1/3/2018,56.4,42.9,50,43.4,78.3,0.056,rain,21.9,7.3,,
1/4/2018,58.7,52.9,55.6,52.2,88.1,0.072,rain,26.4,14.1,,
1/5/2018,58.5,47.5,55.4,51.1,85.6,0.255,rain,25.3,11.6,,
1/6/2018,56.4,39.9,45.9,40.4,81.8,0,,17.2,6.5,,
1/7/2018,49.6,38.2,43.8,39.4,84.6,0,,10.3,5.4,,
1/8/2018,52.2,45.9,49.5,46,87.7,1.929,rain,25.3,6.4,,
1/9/2018,57,47.8,52.5,46.4,80.3,0.229,rain,21.9,15.7,,
1/10/2018,52.2,42.4,47.7,42.8,83,0.036,rain,9.2,5.4,,
1/11/2018,53.3,48.9,50.8,47.5,88.7,0.08,rain,11.4,4.1,,
1/12/2018,57.7,43.5,51.4,47.3,85.9,0,,10.3,6,,
1/13/2018,63.2,38.1,48,41.9,80.8,0,,10.3,4.7,,
1/14/2018,61,41.1,49.9,42.6,76.8,0,,17.2,5.2,,
1/15/2018,62,42.5,51.5,42.6,73.3,0.071,rain,18.3,10.1,,
1/16/2018,59.6,52.3,54.9,52,90.2,0.274,rain,9.2,4.7,,
1/17/2018,61.8,49.6,55.1,50.1,83.6,0,,15,8,,
1/18/2018,53.8,46.9,51.8,48.4,88.4,0.365,rain,23,10.3,,
1/19/2018,49.4,39,44.2,39,82.5,0.038,rain,13.9,7.1,,
1/20/2018,53.7,33.8,42.6,33.9,72.7,0,,19.5,9.2,,
1/21/2018,50.8,36.4,43.9,39.1,83.2,0.679,rain,20.8,13.1,,
1/22/2018,56.5,41.4,49.4,42.9,79.1,0.566,rain,15,8.2,,
1/23/2018,54.8,38,45.6,39.8,80.8,0,,11.4,6.2,,
1/24/2018,50.6,43.4,48.4,43.2,82.1,0.908,rain,25.3,14.2,,
1/25/2018,49.3,40.8,43.9,38.9,82.9,0.454,rain,30,7.5,,
1/26/2018,49.3,39.3,43.2,37.7,81.3,0,,9.2,3.9,,
1/27/2018,52.1,42.9,47.4,43.2,85.2,0.095,rain,12.8,4.7,,
1/28/2018,64.6,40.8,50.5,43.6,78.6,0,,10.3,6.2,,
1/29/2018,59.6,43.2,48.9,43,80.6,0,,13.9,4.7,,
1/30/2018,67.7,39.2,49.4,38.9,70.1,0,,13.9,8.4,,
1/31/2018,64.9,36.9,49.3,36.9,65.3,0,,11.4,4.9,,
2/1/2018,73.4,43,55.8,41.6,62.3,0,,12.8,4.9,,
2/2/2018,73.1,44.6,55.7,44.1,68,0,,17.2,6,,
2/3/2018,80.9,42.9,57.6,42.2,61.5,0,,11.4,7.9,,
2/4/2018,75.3,44.7,56.2,43.5,66.1,0,,12.8,5.1,,
2/5/2018,73.7,45.5,56.1,42,63.6,0,,20,13.1,,
2/6/2018,72,40.4,53.8,38.8,61.1,0,,12.8,4.7,,
2/7/2018,75.3,39.8,53.5,35.4,56.2,0,,10.3,6,,
2/8/2018,73.6,40.5,54.1,39.9,62.5,0,,11.4,4.5,,
2/9/2018,75.4,41.6,56.7,38.7,56.6,0,,14.5,11.6,,
2/10/2018,67.4,42.7,54.1,30.8,43.7,0,,16.6,10.3,,
2/11/2018,54.6,33,43.4,32,64.7,0,,24.9,16.7,,
2/12/2018,59,38.4,48.7,30.1,52.2,0,,19.7,9,,
2/13/2018,63.6,31.8,45.9,24,46.2,0,,11.4,6,,
2/14/2018,57.8,32.3,43.6,30.4,61.7,0,,21,13.9,,
2/15/2018,62.4,32.2,44.9,27.7,56.8,0,,18.3,7.1,,
2/16/2018,64.6,33.8,47.3,31.6,58.5,0,,18.3,7.9,,
2/17/2018,67.4,37.1,50.7,38,64.5,0,,18.3,11.4,,
2/18/2018,48.8,38.6,45.3,35.2,68.1,0.052,rain,30.7,18.4,,
2/19/2018,49.5,31.9,40.9,24,53.2,0,,29.4,14.6,,
2/20/2018,50,28.2,38.5,23.1,56.5,0,,19.7,9.8,,
2/21/2018,52.4,34.8,42.8,29.8,61.6,0,,16.1,8.6,,
2/22/2018,47.5,37,41.9,29.3,61.2,0.059,rain,29.6,14,,
2/23/2018,53.9,30.1,41.2,22.6,50.2,0,,20.8,13.9,,
2/24/2018,51.1,30,40,30.4,68.5,0.012,rain,29.8,17.4,,
2/25/2018,56.8,32,43.8,30,61.4,0,,20.8,12.4,,
2/26/2018,52.3,35.1,44.8,34.1,68.1,0.197,rain,27.8,14.8,,
2/27/2018,58.6,28.2,42.4,23.1,52.4,0,,18.3,9.5,,
2/28/2018,51.5,32,42.5,35.3,76.5,0.153,rain,19.7,11.4,,
3/1/2018,51.5,40,46.6,39.7,77.6,1.28,rain,27.7,12.4,,
3/2/2018,46.5,35.6,39.9,35,82.8,0.466,rain,32.2,13.7,,
3/3/2018,45.2,37.1,40.1,35.5,83.5,0.115,rain,9.2,4.9,,
3/4/2018,54.1,35.6,41.7,33.7,75.9,0,,13.9,5.6,,
3/5/2018,60.5,31.2,43.5,31.1,66.4,0,,12.8,5.6,,
3/6/2018,67.3,34.2,48.1,33,60.6,0,,11.4,8.8,,
3/7/2018,65.4,44.9,52.1,36.3,60.6,0.074,rain,27.7,20.8,,
3/8/2018,59.3,46.3,51.1,44.8,79.7,0.012,rain,11.4,6.2,,
3/9/2018,61.1,42.2,51.3,43.9,76.8,0.012,rain,10.3,5.2,,
3/10/2018,63.8,46.8,53.4,44.9,74.5,0,,12.8,8.2,,
3/11/2018,68.2,40.5,53.7,41.1,65.9,0,,12.8,8.2,,
3/12/2018,64.8,45,54.1,47.4,79.1,0.272,rain,29.7,18.6,,
3/13/2018,57.5,48.6,54,46.6,77,0.458,rain,25.3,18.2,,
3/14/2018,54.5,40.4,47.6,39.9,75.4,0.378,rain,17.2,10.5,,
3/15/2018,50.7,36.9,43,37.9,82.3,0.841,rain,16.1,9.6,,
3/16/2018,47.8,41.2,44,38.3,80.7,0.29,rain,13.9,9,,
3/17/2018,54.5,39.1,45.3,36.3,72.9,0.02,rain,17.8,12.6,,
3/18/2018,55.9,35.6,45,35.9,72.7,0,,11.4,10.9,,
3/19/2018,62.4,37.6,49.3,35.2,63.4,0,,10.3,8,,
3/20/2018,57.2,48.1,51.5,42.2,71.8,0.217,rain,27.7,11.8,,
3/21/2018,58.5,50.4,54.3,51.2,89.1,0.627,rain,24.2,14.8,,
3/22/2018,57.5,40.1,51.3,40.7,68.4,0.17,rain,24.2,15.6,,
3/23/2018,52.1,38.2,44.7,37.8,77.2,0.55,rain,26.4,11.2,,
3/24/2018,50.9,36.4,42.6,35.8,78.4,0.295,rain,28.9,14,,
3/25/2018,53.5,39.6,45.3,36.2,71.8,0.188,rain,21.9,13.9,,
3/26/2018,62.4,36.8,48.3,34.2,61.6,0,,21.9,11.2,,
3/27/2018,71.7,40.4,54.2,39.7,61.9,0,,18.3,10.9,,
3/28/2018,78.8,44.8,60.1,43.1,58.7,0,,15,9.9,,
3/29/2018,80.5,46.5,62.2,42.5,54.9,0,,12.8,9.2,,
3/30/2018,79.3,47.3,60.9,37.7,48.2,0,,12.8,8.4,,
3/31/2018,75.6,45.4,58.9,35.3,46.9,0,,21.9,11.8,,
4/1/2018,71.7,44.1,58.3,39,52.8,0,,23.7,18,,
4/2/2018,68,47.4,57.2,39,53.9,0,,24.2,10.7,,
4/3/2018,73.2,41.4,55.8,35.4,51.9,0,,16.1,10.5,,
4/4/2018,69,48.2,57.7,36.5,46.7,0,,15,8.2,,
4/5/2018,57.2,49.4,53,39.1,61.4,0.554,rain,18.3,7.1,,
4/6/2018,59,53.5,56.7,53.7,90,2.287,rain,26.4,20.8,,
4/7/2018,61,50,57,47.8,73.2,0.382,rain,20.8,9.9,,
4/8/2018,63.6,49,54.8,42.9,67.2,0,,17.2,10.9,,
4/9/2018,74.8,43.4,58.1,43.4,62.2,0,,12.8,9.2,,
4/10/2018,62.9,48.1,56.5,45.8,67.9,0,,15,14.4,,
4/11/2018,58.2,44.1,47.8,40.7,77.5,0.406,rain,25.1,13.5,,
4/12/2018,55.6,42.3,47.7,37.5,69.5,0.169,rain,19.8,10.9,,
4/13/2018,66.9,38.3,51.3,38.8,64.8,0,,17.2,11,,
4/14/2018,71.9,43.2,56,38.7,57.8,0,,18.3,9.2,,
4/15/2018,55.7,44,49,41.2,74.9,0.408,rain,19.7,13.9,,
4/16/2018,52.7,39.3,45.2,37.5,75.2,0.557,rain,21.1,14,,
4/17/2018,59.6,37,47.4,34.9,65.7,0,,19.7,9.6,,
4/18/2018,60.4,42.6,49.6,34.7,60.1,0,,9.2,8.8,,
4/19/2018,64.9,38.4,51.7,36.5,59.4,0,,21.9,11.4,,
4/20/2018,72.1,42.9,56.7,40.3,58.9,0,,20.8,11.2,,
4/21/2018,77.8,45.1,60.4,39.9,52.3,0,,18.3,10.3,,
4/22/2018,77.8,45.7,60.5,42.6,56.4,0,,17.2,9.6,,
4/23/2018,86,48.8,63.2,42.9,54.5,0,,10.3,5.6,,
4/24/2018,75.5,49.2,61.1,46.4,61.9,0,,18.6,12.7,,
4/25/2018,75.4,46.4,59.9,46.6,65.2,0,,18.4,12.4,,
4/26/2018,71.4,47.5,56.4,45.4,68.9,0,,17.2,8.8,,
4/27/2018,61,47.8,54.5,41.3,62.1,0.012,rain,20.2,10.5,,
4/28/2018,58.1,48.3,52.9,44.6,74.2,0.068,rain,10.3,8.4,,
4/29/2018,63.5,48.2,54.8,43,65.5,0,,20.9,12.5,,
4/30/2018,63.2,47,54.3,40.5,61.3,0,,25.3,9.5,,
5/1/2018,71.5,42,56.1,40.1,58.6,0,,19.7,9.4,,
5/2/2018,74.7,44.5,58.8,40.7,56.1,0,,16.8,13.5,,
5/3/2018,75.7,47.3,58.7,44.3,62.4,0,,15,9.2,,
5/4/2018,79.1,45.5,61.3,41.8,55.2,0,,17.2,8.6,,
5/5/2018,74.4,49.8,60.9,43.5,55.5,0,,17.2,10.1,,
5/6/2018,71.2,51.2,59.1,42,55.9,0,,21.3,12.4,,
5/7/2018,78.9,45.2,62.4,38.9,47.2,0,,17.2,10.9,,
5/8/2018,80,48.4,63.5,41.5,49.6,0,,18.9,11.4,,
5/9/2018,70.7,55,61.2,46.6,60.4,0,,18.4,11.8,,
5/10/2018,71.9,48.8,59.7,43.9,58.9,0,,20.8,11.2,,
5/11/2018,78.9,46.8,62.6,39.4,48,0,,20.8,9.5,,
5/12/2018,77.8,47.1,62.3,40.8,51.3,0,,19.4,12.6,,
5/13/2018,69.8,51.2,57.8,47.7,70.5,0,,18.7,12.4,,
5/14/2018,75.7,51.9,59.7,48.2,67.6,0,,8.1,8.6,,
5/15/2018,70.7,51.7,58.4,46.5,65.9,0,,9.2,9.6,,
5/16/2018,61.6,53.7,57.3,46,66,0,,16.1,10.1,,
5/17/2018,72.5,53.9,60.6,47.9,64.1,0,,21.9,10.9,,
5/18/2018,80,48.6,61.4,45.5,60.4,0,,21.8,17.6,,
5/19/2018,72.6,49.3,58.5,44,61.5,0,,20,13.7,,
5/20/2018,67,50.3,57.3,44.6,63.5,0,,21.9,13.1,,
5/21/2018,76.7,48.3,61.7,45.9,59.4,0,,19.7,12.2,,
5/22/2018,83.9,51.2,63.7,50,63.3,0,,13.9,10.3,,
5/23/2018,68.1,53,58.1,49.3,73.1,0,,17.3,12.2,,
5/24/2018,71.5,54.6,60.5,48.2,64.9,0,,11.4,11.2,,
5/25/2018,60.9,53.7,56.6,49.6,77.7,0.048,rain,12.8,7.9,,
5/26/2018,68.7,52.9,58.9,46.7,65.9,0.012,rain,23,10.3,,
5/27/2018,83.2,49.3,66.1,46.8,55.1,0,,18.3,10.3,,
5/28/2018,96.2,55.3,74.5,49.5,49.3,0,,18.3,10.3,,
5/29/2018,91.1,56.8,71.4,45.9,46.6,0,,20.8,13.9,,
5/30/2018,70.8,52.5,60,41.2,51.5,0,,20.2,14.6,,
5/31/2018,64.9,50.9,56.9,38.8,51.6,0,,23,14,,
6/1/2018,79.4,43.8,61.9,39.9,49.6,0,,23,12,,
6/2/2018,97.1,50.9,72.7,44.5,43.7,0,,19.7,15.9,,
6/3/2018,96.2,55.1,74,45.8,43.3,0,,23,16.3,,
6/4/2018,76.2,55.9,66.2,39.8,40.8,0,,19.7,11.6,,
6/5/2018,74.5,50,61.7,41.3,49,0,,20.8,13.1,,
6/6/2018,75.4,51.9,61.6,44.1,54.2,0,,18.3,13.3,,
6/7/2018,76.5,51.2,62,42.7,54.8,0,,19.7,12.9,,
6/8/2018,78.1,51.2,64.6,42.6,48.9,0,,21.9,13.3,,
6/9/2018,64.6,53.6,60,42.1,53,0,,26.8,16.1,,
6/10/2018,70.6,46.7,59,35.6,45.6,0,,20.8,15,,
6/11/2018,80.7,49.6,65.8,42.9,45.4,0,,20.8,11.2,,
6/12/2018,93.8,54.6,71.5,46.4,47.2,0,,18.3,12.9,,
6/13/2018,89.1,57.2,70.1,45.1,43.2,0,,21,15,,
6/14/2018,91.1,54.5,70.2,47.6,49.2,0,,21.9,11.4,,
6/15/2018,79.4,53.5,67.3,44.8,46.8,0,,21.9,12,,
6/16/2018,78.7,52,64.8,44.1,51.8,0,,23,10.3,,
6/17/2018,78.1,49,63,47.5,60.2,0,,16.1,9.7,,
6/18/2018,88.1,53,67.2,47.8,54.6,0,,12.8,12.8,,
6/19/2018,92,55.2,72,48.1,47.7,0,,19.7,12.8,,
6/20/2018,89.1,55.4,68.4,41,43.1,0,,21.9,15.7,,
6/21/2018,92.9,49.2,69.8,39.2,41.9,0,,20.8,11.4,,
6/22/2018,98.1,53.7,74.5,43.5,38.9,0,,20.8,10.3,,
6/23/2018,101,59,79.2,45.8,35.6,0,,15,9.2,,
6/24/2018,92.9,58.8,73.9,53.5,52.1,0,,23,17.2,,
6/25/2018,90,53.6,68.5,45.3,53.7,0,,19.7,13.9,,
6/26/2018,93.8,52.7,72.2,48.3,47.2,0,,17.2,10.3,,
6/27/2018,91.1,54.5,70.4,45.9,46.7,0,,15,9.9,,
6/28/2018,78.8,56,67.8,40.6,38.2,0,,20.8,12.8,,
6/29/2018,92,53.7,71.8,44.1,41.8,0,,20.8,15,,
6/30/2018,104,57.8,79.8,44.8,36.8,0,,18.3,10.3,,
7/1/2018,101,58.9,76.7,51.3,47,0,,19.7,13.9,,
7/2/2018,98.1,55.4,74.5,50.9,51.2,0,,15,9.2,,
7/3/2018,90,52.8,69.7,48.4,51.1,0,,16.1,13.9,,
7/4/2018,77,52.1,63.1,48.8,61.9,0,,15.8,11.4,,
7/5/2018,88.1,50.6,67.6,46.6,51.4,0,,14.4,11.4,,
7/6/2018,83.1,56.7,69,48.5,51.2,0,,21.9,13.1,,
7/7/2018,90,52.2,69.4,43.2,44.1,0,,20.8,11.8,,
7/8/2018,84.2,53.9,70.3,38,37.9,0,,20.6,14,,
7/9/2018,92.9,52.2,71.5,35.5,31.9,0,,19.7,12.9,,
7/10/2018,85.2,56.9,71.6,44.7,40.6,0,,21.9,15.7,,
7/11/2018,100.1,58,77.1,49.6,45.1,0,,13.9,11.4,,
7/12/2018,95,58.1,74.9,44.8,40.3,0,,24.2,16.1,,
7/13/2018,83.8,63.4,72.1,46.5,41.7,0,,12.8,6.2,,
7/14/2018,99,61.1,77.5,53.9,49.1,0,,9.2,8.1,,
7/15/2018,99,59.5,76,51.4,47.4,0,,12.8,10.3,,
7/16/2018,101.9,56.5,76.3,48.7,44.1,0,,20.8,10.3,,
7/17/2018,102.8,58.2,78.9,50.4,43.7,0,,18.3,12.8,,
7/18/2018,107.1,61.5,82.6,46.5,38.7,0,,10.3,13.9,,
7/19/2018,104,58.8,78.7,47.7,39.9,0,,6.9,11.4,,
7/20/2018,92.9,58.1,73.8,48,44,0,,24.2,14.8,,
7/21/2018,96.2,60.2,75.1,50,43.8,0,,16.1,11,,
7/22/2018,98.1,61.3,75.8,53.9,50.6,0,,18.3,9.2,,
7/23/2018,100.1,61.5,78.7,51.7,43.2,0,,18.3,13.9,,
7/24/2018,102.8,60.5,79.4,48.2,41.5,0,,10.3,17.2,,
7/25/2018,102.8,58.9,80.3,40.7,31.9,0,,12.8,11.4,,
7/26/2018,106.1,61.2,81,40.9,31.4,0,,29.8,17.2,,
7/27/2018,101.9,57.8,79.9,45.8,37.7,0,,28.9,17.2,1,
7/28/2018,105.2,56.1,78.5,42.6,37.7,0,,21.9,13.9,1,
7/29/2018,100.1,51.5,67.9,46.8,36,0,,16.1,12.8,1,
7/30/2018,101,56.9,77.8,42.9,36.6,0,,25.3,12.8,1,
7/31/2018,100.1,58.7,78,45.9,40.7,0,,15,11.4,1,
8/1/2018,97.1,57.9,75.7,42.4,38.8,0,,17.7,13.9,1,
8/2/2018,96.2,56.2,73.9,42.5,40.2,0,,17.2,12.8,1,
8/3/2018,96.2,55.7,74.3,41.4,37.1,0,,17.2,11.4,1,
8/4/2018,90,56.3,71.2,41.8,38.7,0,,23,13.1,1,
8/5/2018,90,53.6,70.6,38.2,38.3,0,,23,15,1,
8/6/2018,96.2,54.5,74.9,36,30,0,,21.9,16.1,1,
8/7/2018,90,56.6,71.4,43.6,39,0,,16.1,11.4,1,
8/8/2018,99,57.7,75.4,49.1,47.4,0,,12.8,8.1,1,
8/9/2018,101,60,76.5,45.8,41.3,0,,18.3,11.4,1,
8/10/2018,101,55.4,76.2,42.8,36,0,,16.1,15.4,1,
8/11/2018,95,58.2,74,40.9,35.3,0,,19,13.9,1,
8/12/2018,97.1,54.9,73.3,44.8,42.5,0,,16.1,9.2,1,
8/13/2018,96.2,55.6,72.4,46,44.8,0,,13.9,10.3,1,
8/14/2018,87.2,53.3,67.8,49.2,54.5,0,,13.9,9.2,1,
8/15/2018,86.8,55.6,68.6,51.8,58,0,,18.3,9.7,1,
8/16/2018,95,54.1,71.9,50.8,54.8,0,,13.9,11.4,1,
8/17/2018,100.1,54.9,73.7,46.2,45.2,0,,8.1,8.1,1,
8/18/2018,101,54,74.5,40.8,37.4,0,,8.1,9.2,1,
8/19/2018,100.1,52.2,73,38.2,34.9,0,,11.4,10.3,1,
8/20/2018,97.1,54.8,72.2,46.6,45.3,0,,13.9,10.3,1,
8/21/2018,78.2,52.6,63.1,51.3,67.8,0,,10.3,7.9,1,
8/22/2018,84.8,57.8,67,54.6,67.8,0,,6.9,7.7,1,
8/23/2018,77.4,56,64.1,53.1,69.5,0,,12.8,9.4,1,
8/24/2018,80.4,53.6,64.2,51.8,66.5,0,,12.8,6.9,1,
8/25/2018,90,52.9,68.3,48.5,55.3,0,,11.4,11.4,1,
8/26/2018,88.1,51.3,66.8,47.5,54.8,0,,8.1,8.1,1,
8/27/2018,79.6,53.1,64.2,51.2,65.8,0,,12.8,9.6,1,
8/28/2018,75.3,54,63.7,53,69.9,0,,18.9,12.7,1,
8/29/2018,78.6,53.5,64.1,50.8,64.6,0,,15,12,1,
8/30/2018,79.4,50.9,63.9,49.2,61.9,0,,19.7,14.4,1,
8/31/2018,82.8,52.7,65.7,47.1,56.5,0,,23,11.4,1,
9/1/2018,95,53.3,70.1,44.9,47.2,0,,16.1,10.3,1,
2018-09-02,100.1,53.8,73.5,45.3,44.6,0,,16.1,10.3,1,
2018-09-03,98.1,53,71.9,47.7,49.9,0,,11.4,9.2,1,
2018-09-04,93.8,51.1,69.3,49.5,56.8,0,,13.9,13.9,1,
2018-09-05,88.1,51.8,66.8,47.5,55.5,0,,18.9,14.3,1,
2018-09-06,92.9,50.3,68,43.3,50.5,0,,15,11.8,1,
2018-09-07,97.1,53.1,71.4,40.7,39.9,0,,18.3,12.8,1,
2018-09-08,85.1,54,68.6,41.7,43.1,0,,21.4,10.1,1,
2018-09-09,92,52.2,67.4,41.5,46.2,0,,19.7,11,1,
2018-09-10,90,49.1,67.5,42.6,46,0,,20.9,12.2,1,
2018-09-11,78.5,54,65.3,40.9,44.7,0,,20,11.2,1,
2018-09-12,71.6,52.1,61.4,43.3,52.9,0,,19.3,12.4,1,
2018-09-13,72.9,51.2,61.8,43.1,53.3,0,,16.9,13.5,1,
2018-09-14,80.1,47.5,60.7,41,53.4,0,,17.1,12.2,1,
2018-09-15,74,49.1,60.6,41,51.8,0,,20.8,15,1,
2018-09-16,76.4,47.9,61,43.2,56,0,,17.2,14.2,,
2018-09-17,80.1,47.9,62.4,45.5,58,0,,17.2,12.8,,
2018-09-18,78.9,47.8,61.6,43.2,55.1,0,,22.4,13.1,1,
2018-09-19,84.8,47.8,64.6,40.1,47.4,0,,19.7,12.8,,
2018-09-20,93.8,49.3,67.1,36.8,39.1,0,,17.2,10.3,,
2018-09-21,95,48.7,67.8,36.3,37.9,0,,18.3,10.3,,
2018-09-22,88.1,46.7,64.5,38.7,43.8,0,,18.3,10.7,,
2018-09-23,83.5,49.6,64.9,41.5,49.5,0,,17.2,10.9,,
2018-09-24,93.8,48.8,67.3,35.9,39.4,0,,9.2,9.2,,
2018-09-25,97.1,48.3,68.4,32.3,36,0,,12.8,9.2,,
2018-09-26,100.1,47.1,70.6,31.8,32.6,0,,8.1,6.9,,
2018-09-27,98.1,48.8,70.4,36.6,35.6,0,,12.8,10.3,,
2018-09-28,78.9,51.7,63.2,47.4,59.3,0,,9.2,9.4,,
2018-09-29,63.7,59.8,61.4,52.2,72.3,0.032,rain,21.9,12.9,,
2018-09-30,73.4,60.1,65.4,52,64.6,0,,16.1,8.6,,
2018-10-01,68.7,58.7,62.7,53,71.6,0.373,rain,15,8.1,,
2018-10-02,74.5,60.7,65.1,59.8,83.9,0.625,rain,15,8.2,,
2018-10-03,67.5,61,63.9,60,87.4,0.09,rain,10.3,4.7,,
2018-10-04,66.8,52.6,59.8,53.8,81.6,0.228,rain,20.8,9.4,,
2018-10-05,72.8,47.7,58.5,44.7,64.3,0,,17.2,11.2,,
2018-10-06,71.3,52.8,62.1,49.5,65.2,0,,19.8,12.7,,
2018-10-07,77.9,49,61.9,44.6,59.2,0,,18.3,9.4,,
2018-10-08,80.7,50.9,64,48.4,60.3,0,,18.3,7.3,,
2018-10-09,83,52.1,62.6,48.8,64.7,0,,15,10.7,,
2018-10-10,72.2,46.4,58,45.9,67.2,0,,10.3,7.7,,
2018-10-11,72.8,49.4,57.2,47.1,72.4,0,,10.3,6.2,,
2018-10-12,81.5,45,60.4,39.1,53.7,0,,15,6.6,,
2018-10-13,88.1,45.2,61.4,39.3,50.5,0,,13.9,5.8,,
2018-10-14,79.4,44.5,59.4,33,46.1,0,,15,9,,
2018-10-15,82.4,40.1,57.3,26.7,40.1,0,,12.8,6,,
2018-10-16,80.5,39.8,58,27,38.6,0,,13.9,8.8,,
2018-10-17,81.1,42.8,58.7,35.8,47.2,0,,15,9,,
2018-10-18,81.1,42.6,58.5,37.4,50.6,0,,16.1,5.8,,
2018-10-19,88.1,44.1,60,37.2,49.9,0,,13.9,7.5,,
2018-10-20,84.8,43.3,60.1,39.1,52.5,0,,13.9,10.3,,
2018-10-21,77.9,43.6,58.5,39.8,56.4,0,,8.1,9.6,,
2018-10-22,75.3,41.8,56.5,39,58.4,0,,6.9,10.1,,
2018-10-23,67.4,48.3,56.3,44.4,66.1,0,,8.1,7.1,,
2018-10-24,74.9,46.7,58.5,46.5,67.1,0,,15,8.4,,
2018-10-25,78.6,46.1,59.1,42.3,59.7,0,,17.2,7.3,,
2018-10-26,81.7,47.8,61.8,43.3,54.4,0,,11.4,6.6,,
2018-10-27,74.1,51.4,61.7,52.9,73.9,0,,21.9,8.6,,
2018-10-28,68.8,54.3,59.8,48.6,68.2,0,,19.3,13.3,,
2018-10-29,67.7,44.8,54.5,41.4,64.4,0,,21.7,15.6,,
2018-10-30,70.8,41.4,54.7,37.2,56.4,0,,23,12.8,,
2018-10-31,77.6,44.4,58.3,40,54.7,0,,17.2,8.4,,
2018-11-01,80.6,48,61,45.5,61.1,0,,17.2,4.7,,
2018-11-02,78.5,48.1,60.2,45.3,62.7,0,,17.8,12.9,,
2018-11-03,77.1,45.4,58.5,41.2,58.2,0,,12.8,5.6,,
2018-11-04,75.7,42.7,56.9,38.3,56.4,0,,19,13.3,,
2018-11-05,70.4,44.6,55.6,36.3,55.1,0,,20.8,11.4,,
2018-11-06,73.7,38.3,52.9,31.9,50.8,0,,18.3,5.8,,
2018-11-07,73.6,40,53.6,28.7,46,0,,16.1,10.7,,
2018-11-08,59.6,32.5,44.6,29.3,58.1,0,,13.9,6.5,,
2018-11-09,53,32.6,39.4,25.7,60,0,,11.4,1.7,,
2018-11-10,55.2,29.7,39.1,25.7,61.1,0,,11.4,4.3,,
2018-11-11,65.3,26.2,42.2,22.9,52.5,0,,11.4,3,,
2018-11-12,71.1,30.6,45.9,20.5,44.4,0,,12.8,3.4,,
2018-11-13,63.8,35.5,46.3,24.1,46.1,0,,12.8,4.5,,
2018-11-14,67,31.2,45.9,22.2,45.3,0,,12.8,4.5,,
2018-11-15,68.6,32.6,47,25,48.1,0,,11.4,4.9,,
2018-11-16,67.3,33.4,46.2,27,52,0,,12.8,3.8,,
2018-11-17,65.8,32.1,44.9,27,54.6,0,,10.3,6.2,,
2018-11-18,64.8,31.3,44.4,27.7,56.4,0,,10.3,5.2,,
2018-11-19,68.1,33,46.6,27.7,53.8,0,,11.4,5.2,,
2018-11-20,64.2,33.9,48.8,32.4,55.4,0,,19.2,11.4,,
2018-11-21,59.1,52.2,55.2,50.5,84.5,0.283,rain,27.7,18.3,,
2018-11-22,54.6,47.6,52.1,48.8,88.8,0.94,rain,22.7,13.7,,
2018-11-23,59.8,49.8,54.5,52,91.3,1.13,rain,21.7,13.5,,
2018-11-24,60.4,48.5,54.3,48.8,82.4,0,,12.8,8.2,,
2018-11-25,61.1,45.4,50.3,44.7,82,0,,16.1,9.2,,
2018-11-26,60.4,42.1,50.1,44.8,82.7,0,,9.2,8.1,,
2018-11-27,55.7,46.3,51.7,48.8,89.6,0.537,rain,21.9,10.3,,
2018-11-28,58.8,52.5,55.3,50,83,0.409,rain,21.9,10.3,,
2018-11-29,55.4,50.8,52.9,47,80.5,0.645,rain,30,14.4,,
2018-11-30,56,43.5,48.9,39.3,70.5,0.13,rain,22.7,12.4,,
2018-12-01,53.4,39.7,46.3,41.5,83.7,0.529,rain,20.8,11.4,,
2018-12-02,52.9,32.5,41,34.8,79.6,0,,13.9,5.1,,
2018-12-03,55.5,35.1,44.5,31.7,64.4,0,,13.9,9.2,,
2018-12-04,58.4,46.1,53.2,28.9,39.8,0,,24.2,12.9,,
2018-12-05,55.4,44.1,50,40.3,69.9,0.06,rain,16.1,7.1,,
2018-12-06,59.4,36.5,45.4,38.9,79.1,0,,13.9,9.2,,
2018-12-07,58.4,37.4,45,39,80.6,0,,12.8,3.8,,
2018-12-08,61.9,41.6,48.9,40.4,74.3,0,,8.1,5.4,,
2018-12-09,55.2,38.9,46.9,40.9,79.6,0.012,rain,16.1,4.3,,
2018-12-10,59.6,42.6,51.1,45.1,80.9,0.044,rain,17.2,8.2,,
2018-12-11,61.9,36.7,48.2,37.9,69.6,0,,12.8,7.1,,
2018-12-12,61.1,40.5,50.7,38.9,66.2,0,,13.9,9.1,,
2018-12-13,61,33.4,44.9,33.8,67.8,0,,17.2,3.8,,
2018-12-14,54.4,41.8,48.6,42.7,80.5,0.213,rain,31.1,12.7,,
2018-12-15,55.4,44.3,49.8,46.2,87.4,0.15,rain,26.4,13.5,,
2018-12-16,56.3,48.1,53.5,50.4,88.8,1.002,rain,30.5,16.1,,
2018-12-17,52.7,46.5,49,45.7,88.4,0.012,rain,10.3,4.7,,
2018-12-18,54.5,47.4,51.1,47.9,88.9,0.278,rain,16.1,9,,
2018-12-19,57.5,49.8,52.8,49.2,87.7,0,,8.1,3.8,,
2018-12-20,55.4,49.6,52.3,47.6,84.4,0.163,rain,15,7.7,,
2018-12-21,57.4,40.9,51.2,44.9,80.3,0.024,rain,12.8,6.8,,
2018-12-22,50.5,35.8,43.2,37.6,81.4,0,,9.2,4.5,,
2018-12-23,51.8,43.8,48,44.1,86.4,0.197,rain,9.2,3.8,,
2018-12-24,54.4,43.5,50.1,45.7,85.3,0.93,rain,40.6,20,,
2018-12-25,55.9,38.5,45.9,38.4,76.2,0,,18.3,10.9,,
2018-12-26,58.1,35.8,46,36.8,72,0,,15,7.9,,
2018-12-27,56.6,36.6,45.1,34.7,69.1,0,,16.1,9.6,,
2018-12-28,56.6,31.8,41.5,30.9,68.5,0,,13.9,6.9,,
2018-12-29,60,35.2,44.4,34.1,69.2,0,,16.1,5.2,,
2018-12-30,59.1,38.5,48.1,38.1,69.7,0,,19.5,13.7,,
2018-12-31,56.3,33,44.1,24.6,51.9,0,,15,8.8,,
2019-01-01,56.3,28.8,40.5,20,47.6,0,,12.8,6.8,,
2019-01-02,56.8,29.6,39.8,27,63.7,0,,11.4,5.8,,
2019-01-03,53.6,31.4,40.5,30.6,69.8,0,,11.4,4.7,,
2019-01-04,58.2,35.4,45.3,32.4,63.9,0,,23,14.2,,
2019-01-05,52.2,45,49.4,42.9,78.3,0.634,rain,34.4,18.3,,
2019-01-06,49.1,40.7,44.8,41.2,87,1.223,rain,28.9,10.1,,
2019-01-07,54,37,44.2,39.5,83.8,0.024,rain,30,14.4,,
2019-01-08,55.3,50.2,53.2,48.3,83.6,0.257,rain,33.3,18.5,,
2019-01-09,56.2,49.9,53.4,49.1,85.5,0.75,rain,24.2,15.6,,
2019-01-10,58.5,45.2,50.5,44.5,81,0,,15,10.1,,
2019-01-11,53.8,46.2,51.5,45.2,79.3,0.353,rain,31.1,23.8,,
2019-01-12,60.3,47.5,52.1,45.9,80.3,0,,18.3,7.7,,
2019-01-13,60.2,44.7,53.1,41.4,66,0,,22.9,15,,
2019-01-14,58.2,39.6,48.4,37.6,68.7,0.062,rain,27.7,15,,
2019-01-15,52,48.4,50,44.4,81.4,0.567,rain,25.3,8.8,,
2019-01-16,56.8,49.8,53.4,49.4,86.2,2.243,rain,32.6,19.5,,
2019-01-17,54.4,45.1,50.4,43.3,76.6,1.05,rain,24.2,13.9,,
2019-01-18,52.3,44.1,48.5,45.2,88,0.298,rain,23,10.1,,
2019-01-19,56.9,51.8,54.1,51,89.1,0.161,rain,18.3,10.9,,
2019-01-20,56.2,44.4,51.6,46.8,83.8,0.919,rain,35.8,11.4,,
2019-01-21,55.6,38.4,45.8,37.6,74.5,0.071,rain,18,13.5,,
2019-01-22,58.4,33.8,44.1,34.8,72,0,,15,5.4,,
2019-01-23,62.8,36,47.1,38.5,73.8,0,,13.9,5.8,,
2019-01-24,65.2,39.6,49.2,40.9,75,0,,15,5.6,,
2019-01-25,64.9,36.5,47.3,37.9,72.8,0,,13.9,6.9,,
2019-01-26,63.6,37.8,48.3,38.4,70.6,0,,10.3,4.1,,
2019-01-27,69.8,42.1,53.2,41.5,67.4,0,,12.8,4.5,,
2019-01-28,68.3,47.5,55.2,45.1,70.8,0,,12.8,4.9,,
2019-01-29,70.8,48.2,56.3,41.6,62.4,0,,15.8,9.9,,
2019-01-30,65.3,44.7,53.7,42.7,67.5,0,,12.8,11.2,,
2019-01-31,64.9,42.4,53.7,44.2,70.2,0,,11.4,7.3,,
2019-02-01,55.1,50.5,52.7,46.7,80.3,0.465,rain,36.9,15,,
2019-02-02,56.1,49.4,52,45.7,79.2,0.901,rain,39.1,15,,
2019-02-03,52.7,46.3,48.9,43.5,81.9,0.158,rain,24.2,12.5,,
2019-02-04,45.2,35.7,41,35.5,81.2,0.471,rain,32.2,14.2,,
2019-02-05,47.3,32.5,38.9,30.4,73.1,0.024,"rain,snow",17.2,10.5,,
2019-02-06,52.8,31.9,40.2,31.4,72.8,0,,20.8,11.2,,
2019-02-07,51.1,31.1,40.9,31.8,71.9,0,,15,6.6,,
2019-02-08,48.9,41.5,44.1,35.2,71.8,0.262,rain,19.7,12.2,,
2019-02-09,48.2,37.4,41.9,36.9,82.7,0.8,rain,28.9,13.3,,
2019-02-10,47.3,31.7,38.3,32,79.1,0.076,"rain,snow",19.7,10.7,,
2019-02-11,47.5,35,41.3,35.9,81.4,0.024,rain,15,9.6,,
2019-02-12,48.2,42.7,44.7,37.8,77.1,0.558,rain,41.4,12.9,,
2019-02-13,56.9,44.1,49,43.7,82.1,2.239,rain,38,16.1,,
2019-02-14,57.7,45.1,51.4,44.5,77.6,0.809,rain,26.6,16.9,,
2019-02-15,45.7,40,42.7,36.5,78.7,0.842,rain,26.4,9.4,,
2019-02-16,46.6,38.9,42.5,36.9,80.8,0.469,rain,33.3,12.7,,
2019-02-17,50.7,35.4,42,32.8,71.7,0.161,"rain,snow",19.7,15.2,,
2019-02-18,55.3,30.6,41.6,27,61.4,0,,21.9,10.9,,
2019-02-19,56,31.3,42.4,30,64.5,0,,20.8,9.4,,
2019-02-20,53.5,39.1,44.5,33.6,66.4,0.012,rain,24.2,16.5,,
2019-02-21,56.1,32.5,43.7,21.6,50.1,0,,26.1,16.1,,
2019-02-22,56.8,28.3,41.2,23.4,53.9,0,,18.3,7.1,,
2019-02-23,54.5,33.6,43.8,31.6,64,0,,10.3,5.6,,
2019-02-24,51.3,44.7,47.5,41.9,80.9,0.032,rain,17.2,9.6,,
2019-02-25,52.4,47.8,49.8,46.3,87.8,1.226,rain,26.4,16.5,,
2019-02-26,54,51.6,52.6,49.6,89.5,4.834,rain,33.3,18.7,,
2019-02-27,55.1,43.2,51.2,46.5,83.9,0.546,rain,24.2,15.7,,
2019-02-28,52.7,38.2,44.8,36.6,75.1,0.012,rain,8.1,5.8,,
2019-03-01,53.6,40.4,46.9,39.1,75.7,0.076,rain,9.2,5.4,,
2019-03-02,57.2,48.2,52.8,46.4,79,0.532,rain,13.9,6.2,,
2019-03-03,56.2,50,52.8,48.8,86.4,0.355,rain,9.2,7.1,,
2019-03-04,55.2,46.7,50.2,42.7,76.4,0,,12.8,6.8,,
2019-03-05,54,46.2,49.9,45.5,85,0.651,rain,28.9,15,,
2019-03-06,56.3,49.8,52.7,47.6,83.2,0.49,rain,29.6,18.2,,
2019-03-07,50,42.1,47.5,38.6,72,0.087,rain,20.8,7.5,,
2019-03-08,51.5,36.4,44.1,30.7,60.9,0,,20.1,11.6,,
2019-03-09,48.9,39.9,43.6,38,80.7,0.722,rain,24.2,13.3,,
2019-03-10,54.7,42.6,47.9,38.7,72.6,0.077,rain,12.8,9.2,,
2019-03-11,65,35.6,48.3,33.8,63.1,0,,18.1,13.1,,
2019-03-12,56.1,42.5,48.7,34.2,59.9,0,,30.4,18.2,,
2019-03-13,60.5,33.2,46.6,30.5,56.9,0,,17.2,11.4,,
2019-03-14,67.5,34.9,49.4,33,59.2,0,,16.1,6.7,,
2019-03-15,68.9,37.9,51.7,33.7,55.4,0,,10.3,11.8,,
2019-03-16,71.6,39.8,54,34.9,53.7,0,,16.3,12,,
2019-03-17,72.4,41.5,55.7,38.5,57.2,0,,12.8,6.2,,
2019-03-18,72.5,43.2,57.1,39.7,58.5,0,,17.6,12.9,,
2019-03-19,67.3,47.5,57.3,37.8,53.4,0,,16.5,12.9,,
2019-03-20,56.4,44.3,51.9,44.6,77.3,0.327,rain,21.9,15.2,,
2019-03-21,61.4,41.1,48.8,38.8,71.5,0,,9.2,9.4,,
2019-03-22,53.2,41.8,48,43.7,85.1,0.513,rain,24.2,9.4,,
2019-03-23,58.2,42.7,50.7,40.5,70.4,0,,20.5,14,,
2019-03-24,61.7,39.3,49.6,37.9,67.8,0,,19.7,10.7,,
2019-03-25,54.3,46.2,49.9,43.9,80.7,1.255,rain,23,8.1,,
2019-03-26,57.5,46.1,51.1,42.1,73.5,0.082,rain,18.3,9.6,,
2019-03-27,57.3,45.7,52.3,43.4,73.4,0.759,rain,31.1,10.7,,
2019-03-28,54.1,45.8,49,43.6,81.6,0.388,rain,16.1,8.6,,
2019-03-29,60,44.5,50.6,41.9,74,0.02,rain,15,8.2,,
2019-03-30,66.8,40,52.1,38.7,64.2,0,,12.8,8.6,,
2019-03-31,71.7,42.2,56.1,38.3,55.8,0,,13.9,8,,
2019-04-01,68.4,51.3,58.1,41.8,56.3,0,,10.3,6.7,,
2019-04-02,58.3,47.8,53.7,45.6,74.6,0.08,rain,11.4,8.1,,
2019-04-03,60.9,50.3,55.3,47.6,76,0,,10.3,9.7,,
2019-04-04,58.6,52.1,54.8,46.9,75.3,0,,17.2,12.2,,
2019-04-05,56.7,52.5,54,49.1,83.4,0.249,rain,17.2,14.4,,
2019-04-06,60.4,52,55.5,49.4,80.4,0.012,rain,20.8,14.8,,
2019-04-07,66.3,54.4,59.8,52.7,78,0.032,rain,15,9.4,,
2019-04-08,62.9,54,58.8,53.9,84,0.1,rain,18.3,9.6,,
2019-04-09,61.7,48.7,54.7,40.2,59.1,0,,31,21.4,,
2019-04-10,65.1,42.4,54.1,38.3,56.4,0,,19.3,13.3,,
2019-04-11,57.9,45.9,52.4,39.9,63.1,0,,28.3,16.5,,
2019-04-12,67.6,45,55.8,42.3,62.3,0,,23,11.8,,
2019-04-13,73.3,45.5,57.7,42.9,61.8,0,,19.7,10.5,,
2019-04-14,65.6,45.6,53.7,37.6,57.8,0,,20.8,13.9,,
2019-04-15,55.6,43.7,49.4,40.7,73.3,0.156,rain,17.8,11,,
2019-04-16,64.8,45.7,54.5,43.2,67.8,0,,18.3,12.8,,
2019-04-17,75.1,43.2,57.9,44.9,65.2,0,,19.7,5.6,,
2019-04-18,87.2,48.5,64.2,47.9,61.3,0,,10.3,9.9,,
2019-04-19,76.6,49.7,62.7,48.7,63,0,,15,11,,
2019-04-20,63.3,49.9,56.6,44.9,66,0,,28.1,18.6,,
2019-04-21,70.7,44.8,56.6,42.2,61.4,0,,21.9,12.9,,
2019-04-22,80,45.5,62.4,43,55.2,0,,18.3,10.5,,
2019-04-23,91.1,51.9,68.2,49.9,56.7,0,,16.8,10.3,,
2019-04-24,90,55,69.6,48.9,55.3,0,,18.3,9.2,,
2019-04-25,91.1,50.7,67.1,43.8,50.4,0,,16.1,12.1,,
2019-04-26,88.1,48.6,65.5,40.2,46.5,0,,16.6,9.6,,
2019-04-27,86,47.2,62.9,43.7,54.1,0,,13.9,12.2,,
2019-04-28,74.6,48.9,59.6,49.1,70.9,0,,19.7,10.7,,
2019-04-29,71.4,48,57.5,47.6,71.6,0,,17.1,11.2,,
2019-04-30,69,46.5,58.1,40.1,55.4,0,,21.9,11.4,,
2019-05-01,73.5,45.8,59.4,35.5,47.8,0,,21,13.7,,
2019-05-02,76.5,41.5,58.3,30,40.7,0,,19.7,12.7,,
2019-05-03,83,44.3,60.8,33.3,41.8,0,,18.3,10.3,,
2019-05-04,76.1,45.5,59.8,39.1,49.6,0,,6.9,11.6,,
2019-05-05,72,47.3,57.2,45.2,66.7,0,,8.1,9.4,,
2019-05-06,71.4,49.1,57.4,46.6,68.4,0,,16.8,10.5,,
2019-05-07,75.1,52.8,61.1,48.9,66.2,0,,16.1,11.2,,
2019-05-08,77.5,52.6,62.3,50.1,67.5,0,,18.4,12.9,,
2019-05-09,71.5,52.6,60.5,51.7,74.3,0,,17.2,10.1,,
2019-05-10,90,51.1,67,39,54.4,0,,17.2,10.3,,
2019-05-11,86,51.3,63.5,43.6,56.2,0,,17.2,12.7,,
2019-05-12,77.6,50.2,63.2,38.9,48.5,0,,19.7,13.9,,
2019-05-13,76.5,46.7,60.7,41.4,52.4,0,,12.8,10.5,,
2019-05-14,62.5,52.1,56.8,46.3,68.5,0,,8.1,7.3,,
2019-05-15,57.7,53.3,55.7,51.2,85.1,1.187,rain,30,16.5,,
2019-05-16,53.3,50.3,51.6,46.4,82.4,0.915,rain,30,12,,
2019-05-17,63.4,50.2,55,43.3,67,0.024,rain,23,9.2,,
2019-05-18,53.1,46.5,49.6,45.1,84.4,0.473,rain,30,12.2,,
2019-05-19,57.2,47.1,51.7,44.7,77.6,0.377,rain,21.9,10.9,,
2019-05-20,64.9,47.4,54.4,43.2,68.9,0.081,rain,15.8,12.7,,
2019-05-21,57.4,50.4,53,47,80.4,0.342,rain,29.2,15.5,,
2019-05-22,71.3,47.1,58.6,46.9,67.4,0,,26.1,11.2,,
2019-05-23,75.5,50.5,62.3,48.3,64.1,0,,20.8,11,,
2019-05-24,72.3,52.9,59.9,50.4,72.7,0,,15.6,9.9,,
2019-05-25,71.7,49.1,59.6,43.4,57.7,0,,23,14.6,,
2019-05-26,59.8,50.1,54.6,41.4,61.4,0,,23.9,17.2,,
2019-05-27,65.7,45.2,55.6,45.4,69.8,0,,17.7,13.1,,
2019-05-28,76.9,50.2,62.3,46.3,59.4,0,,20.8,10.5,,
2019-05-29,79.1,52.9,64.9,48.3,57.5,0,,23,10.5,,
2019-05-30,78.9,51.7,65.1,49.2,58.9,0,,17.4,11.8,,
2019-05-31,89.1,53.2,70.4,51.2,56.9,0,,16.1,10.3,,
2019-06-01,93.8,57.6,71.8,55,61.2,0,,19.7,13.9,,
2019-06-02,88.1,52.5,65.9,53.6,67.5,0,,17.4,11,,
2019-06-03,92.9,54.3,70.3,51.1,57.1,0,,15,10.3,,
2019-06-04,95,54.4,73.3,46.8,44.4,0,,16.1,10.3,,
2019-06-05,89.1,56.1,70.8,49,49.9,0,,19.7,10.9,,
2019-06-06,71,55.2,62.8,40.8,47.1,0,,21.7,14,,
2019-06-07,70.3,50.9,60.5,36.3,42,0,,22.1,14,,
2019-06-08,81.7,46.6,64.6,36.5,44.2,0,,18.3,10.5,,
2019-06-09,89.8,47.9,69.5,37.1,38.9,0,,15,7.1,,
2019-06-10,96.2,54.2,74.8,43.8,39.4,0,,16.1,10.5,,
2019-06-11,101,60.8,79,45.8,36.8,0,,11.4,11,,
2019-06-12,100.1,58.7,78.4,45.5,38.2,0,,11.4,9.2,,
2019-06-13,92.9,55.8,73.5,47.2,46.9,0,,25.3,16.1,,
2019-06-14,92,54.5,70.3,49.9,54.2,0,,13.9,10.3,,
2019-06-15,86,52,68.4,53,60.9,0,,11.4,10.3,,
2019-06-16,93.8,53.1,71.4,52.3,56.7,0,,17.2,5.8,,
2019-06-17,98.1,58.7,77.5,55.3,50.6,0,,17.2,10.3,,
2019-06-18,101.9,62.1,80.6,54.5,48,0,,10.3,11.4,,
2019-06-19,92.9,57,73.9,56.9,58.9,0,,9.2,10.3,,
2019-06-20,81.2,54.8,67.7,45.5,51.8,0,,21.9,10.7,,
2019-06-21,80.4,53,67.4,42.2,44.1,0,,21.9,10.3,,
2019-06-22,93.8,53.5,72.6,44.9,44.1,0,,17.2,13.9,,
2019-06-23,95,57.7,75.4,49,46.1,0,,18.3,12.8,,
2019-06-24,91.1,56.1,72.4,44.3,42.3,0,,25.3,11.4,,
2019-06-25,78.9,56.8,68,39.9,38.8,0,,21.4,13.7,,
2019-06-26,69.8,55,62.4,44,51.7,0,,19,12.9,,
2019-06-27,72.1,49.6,61.7,43.2,53.3,0,,15,11.6,,
2019-06-28,77.1,49.1,63.7,42.4,49.7,0,,20.8,13.5,,
2019-06-29,80.3,48.3,64.7,41.5,48.2,0,,20.8,9.5,,
2019-06-30,83.2,51.9,67.6,43.1,45.5,0,,20.6,15.6,,
2019-07-01,81.5,52.9,67.5,43.5,47,0,,19.7,11.8,,
2019-07-02,78.3,54.8,66.2,46.3,50.2,0,,20.8,12.9,,
2019-07-03,80.4,53.2,67.1,46.1,50.3,0,,18.4,11,,
2019-07-04,91.1,53.9,71.1,47.6,47.7,0,,19.7,11.4,,
2019-07-05,93.8,56.3,73.1,45.3,45.6,0,,19.7,11.8,,
2019-07-06,92,54.8,70.8,44,44,0,,28.9,16.8,,
2019-07-07,83.1,56.2,68.4,45.6,47.6,0,,20.8,12.6,,
2019-07-08,77.2,55.6,64.4,48.3,57.6,0,,17.8,14.3,,
2019-07-09,79.7,51.9,66,50.7,60.6,0,,16,11,,
2019-07-10,83.3,60.7,70.4,54.9,60.7,0,,17.2,11,,
2019-07-11,84.5,56.9,70.5,54.1,58.9,0,,18.7,13.7,,
2019-07-12,93.8,56.9,73.5,52,53,0,,15,11.6,,
2019-07-13,95,58.1,74.2,49.4,47.8,0,,18.3,11.4,,
2019-07-14,91.1,57.2,72.3,46.7,44.6,0,,21.9,13.9,,
2019-07-15,84.8,59.1,71.7,49.1,47.4,0,,20.2,13.7,,
2019-07-16,83.9,62.6,71.8,50.2,49.8,0,,22.4,13.9,,
2019-07-17,92.9,60,73.4,52.1,50.8,0,,20.8,11.4,,
2019-07-18,92,58.1,73,54.2,54.2,0,,16.1,9.5,,
2019-07-19,90,56.2,71.8,55.7,60.9,0,,21.9,16.1,,
2019-07-20,89.1,56.1,68.7,54.2,63.3,0,,11.4,8.4,,
2019-07-21,93.8,56.8,73.7,54.7,56,0,,10.3,11.4,,
2019-07-22,96.2,59.6,76.1,52.1,49.3,0,,18.3,12.8,,
2019-07-23,93.8,58.2,74.1,45.3,41.8,0,,18.3,8.1,,
2019-07-24,99,55.6,75.1,44.4,40.1,0,,17.2,14.8,,
2019-07-25,99,56.3,76.4,42.2,36.3,0,,10.3,12.8,,
2019-07-26,95,57.8,74.7,46.7,42,0,,10.3,11.4,,
2019-07-27,101.9,59,78.9,48.3,40.8,0,,8.1,9.2,,
2019-07-28,101.9,62.6,79.7,51,42,0,,19.7,11.6,,
2019-07-29,90,60,71.6,49.9,49.2,0,,20.8,13.3,,
2019-07-30,92,55.6,70.2,51,54.9,0,,20.8,10.9,,
2019-07-31,95,57,73.5,50.8,49.4,0,,16.1,11.4,,
2019-08-01,85.4,58.4,71,52,53.5,0,,19.5,13.3,,
2019-08-02,92,58.9,72,52.1,54.2,0,,17.2,12.8,,
2019-08-03,97.1,58.1,75.1,51.4,50.5,0,,18.3,11.4,,
2019-08-04,95,59.3,74.8,55.3,55,0,,17.2,9.2,,
2019-08-05,96.2,58.2,74.8,53.9,53.4,0,,12.8,8.1,,
2019-08-06,98.1,61.5,75.4,53.2,52.1,0,,19.7,12.8,,
2019-08-07,92,58.2,70,52.2,57.3,0,,18.3,10.3,,
2019-08-08,79.2,56.4,65.8,49.5,59.1,0,,17.2,13.9,,
2019-08-09,80.4,57.9,67.2,50.6,57.8,0.071,rain,15.3,10.1,,
2019-08-10,76.5,60.5,66.6,56,71.1,0,,17.4,12.7,,
2019-08-11,84.4,53.6,68.7,49,55.7,0,,17.2,10.1,,
2019-08-12,88.5,55.9,71.2,46.8,48.2,0,,20.5,9.7,,
2019-08-13,96.2,56.7,73.7,50.2,48.6,0,,18.3,8.6,,
2019-08-14,102.8,60.3,79.3,51.9,44.9,0,,11.4,10.3,,
2019-08-15,105.2,62.7,82.1,53.7,44.4,0,,18.3,12.8,,
2019-08-16,101.9,62.5,80.3,52.2,43.3,0,,21.9,16.1,,
2019-08-17,92.9,59.1,73.4,52.7,51.4,0,,12.8,12.8,,
2019-08-18,82.5,55.6,67.4,53.3,63,0,,15.5,10.3,,
2019-08-19,84.5,55.9,68,54.4,64.8,0,,17.4,10.3,,
2019-08-20,85,56.3,69,52.8,59.1,0,,17.2,9.7,,
2019-08-21,85.8,55.9,71.5,53.7,57.7,0,,21.6,14,,
2019-08-22,87.4,64.8,75.6,59.3,61,0,,19.7,11.2,,
2019-08-23,99,60.8,76.5,55,53,0,,11.4,11.4,,
2019-08-24,95,58.4,74.5,54.1,54,0,,13.9,12.8,,
2019-08-25,99,58.8,76.1,50.4,46.9,0,,18.3,12.8,,
2019-08-26,104,56.8,77.4,47.9,42.3,0,,19.7,10.3,,
2019-08-27,102.8,59,77.4,46.5,38.7,0,,9.2,10.3,,
2019-08-28,95,59.9,74.2,48.9,43.9,0,,9.2,8,,
2019-08-29,81.6,60.2,69.7,55.1,61.7,0,,9.2,14.4,,
2019-08-30,88.6,55.5,70.6,51.6,55.3,0,,17.2,12.7,,
2019-08-31,91.6,56.6,72.6,47.5,47.9,0,,20,15.7,,
2019-09-01,95,58.1,73.5,50.7,49.7,0,,17.2,14.8,,
2019-09-02,93.8,56.8,71.4,48.9,48.9,0,,16.6,9.9,,
2019-09-03,88.1,54.2,69.8,49.2,52.2,0,,19.7,9.9,,
2019-09-04,96.2,55.1,73.7,48.6,48.1,0,,17.2,11.4,,
2019-09-05,86.8,57.1,70.1,50.1,53.4,0,,18.3,10.5,,
2019-09-06,84.7,54.6,67.9,52.9,62.1,0,,15,10.7,,
2019-09-07,73,56.2,64.1,52.2,66.3,0,,27.3,15.7,,
2019-09-08,77.4,55.4,65.8,51,60.9,0,,20.5,11.8,,
2019-09-09,76.1,56.3,65.2,49.9,60.7,0,,22.4,14.4,,
2019-09-10,75.9,53.5,64.5,49.5,60.3,0,,20.8,13.9,,
2019-09-11,87.2,52,66.2,47.8,56.7,0,,15,15,,
2019-09-12,90.6,53.5,70.2,44.6,46.9,0,,15,9.6,,
2019-09-13,98.1,56.5,73.8,44.2,41.2,0,,12.8,11.4,,
2019-09-14,65.5,54.4,60.5,53.7,70.6,0,,17.2,11.4,,
2019-09-15,68.6,56.6,61.6,58.5,73.5,0.112,rain,13.9,10.3,,
2019-09-16,65.6,56.4,61,55.8,74.5,0.108,rain,15,10.3,,
2019-09-17,76.2,55.5,64.1,50,59.2,0,,12.8,11.4,,
2019-09-18,69.3,57.1,61.8,53.3,75.1,0.122,rain,19.7,13.1,,
2019-09-19,75.9,50.8,62.2,48.2,64,0,,20.8,12.7,,
2019-09-20,81.6,50.9,65,46.5,57.6,0,,16.1,10.3,,
2019-09-21,85.6,52.7,67.3,45,51.5,0,,16.1,7.1,,
2019-09-22,81.3,54.2,65.3,49,59.1,0,,17.2,12.6,,
2019-09-23,85.6,54.2,67.6,48.9,58.3,0,,18.3,7.1,,
2019-09-24,101,54.4,73.3,46.9,46.8,0,,13.9,8.1,,
2019-09-25,102.8,58.4,77.6,50.5,47.6,0,,16.1,8.1,,
2019-09-26,81.3,58.6,68.5,53.3,60.5,0,,25.3,17.4,,
2019-09-27,76.9,57.9,65.3,48.2,59.7,0,,18.3,9.6,,
2019-09-28,64.6,53.7,58.3,38.7,49,0,,27.4,18.2,,
2019-09-29,63.1,42.4,52.9,39.3,61.5,0.012,rain,16.8,9.9,,
2019-09-30,63,41.3,51.7,38.6,65,0,,15,9.9,,
2019-10-01,69.4,40.8,53.6,35.1,55,0,,16.1,9.2,,
2019-10-02,74,39.9,55.9,35.1,51.1,0,,18.4,9.6,,
2019-10-03,69.2,43.8,56.4,37,50.1,0,,21.6,13.1,,
2019-10-04,72.7,47,57.6,37.1,49.8,0,,21.9,10.5,,
2019-10-05,79.6,43.5,59.7,38,51,0,,16.1,6,,
2019-10-06,86.5,45.7,63.4,37.3,45.8,0,,10.3,8.2,,
2019-10-07,86.8,46.8,64.2,36.2,41.5,0,,13.9,8.2,,
2019-10-08,81.3,47.4,63.1,39.7,46.2,0,,16.1,10.5,,
2019-10-09,73.9,47.9,58.5,34.4,43,0,,19.7,11.6,,
2019-10-10,80.1,35.1,54.9,19.6,38.1,0,,15,5.1,,
2019-10-11,79.6,38.2,56.2,19.8,32.5,0,,11.4,6.4,,
2019-10-12,77.9,38.4,56.4,25.1,35.9,0,,11.4,7.7,,
2019-10-13,75.9,39.6,56.1,26.8,39.4,0,,16.1,8.8,,
2019-10-14,83,40.4,57.7,31.8,43.3,0,,9.2,8.1,,
2019-10-15,82.1,41.1,57.9,32.1,45.2,0,,10.3,11.4,,
2019-10-16,73.1,39.8,55.8,40,59.5,0,,8.1,8.1,,
2019-10-17,65,49.7,57.7,44.3,62.7,0,,22.7,12.5,,
2019-10-18,68,45.3,55.1,43,65.9,0,,17.2,12.8,,
2019-10-19,65.8,46.3,53.6,46.6,77.3,0.055,rain,18.3,6.6,,
2019-10-20,73.1,43.1,56.9,42.9,64,0,,18.2,12.2,,
2019-10-21,83.9,46.6,61.9,44.3,57.8,0,,15,5.4,,
2019-10-22,84.9,47,64.2,44.1,54.4,0,,15,9.2,,
2019-10-23,88.1,49.7,64.8,38.3,46.9,0,,16.1,9.4,,
2019-10-24,87.1,49.8,65.9,26.7,27.6,0,,15,7.7,,
2019-10-25,88.1,46.4,64,30.8,34.7,0,,16.2,9.6,,
2019-10-26,83.9,44.7,59.9,36.3,40.6,0,,18.3,8.2,,
2019-10-27,64.8,52.1,57,33.4,37.5,0,,16.1,12.8,,
2019-10-28,60.2,43.4,50.4,33,36.9,0,,13.9,12.8,,
2019-10-29,63.2,44.3,49.6,38.6,36.5,0,,12.8,11.4,,
2019-10-30,69.2,41.3,51.6,19.7,29.4,0,,11.4,10.3,,
2019-10-31,70.7,35.6,50.8,21.2,35.4,0,,12.8,12.8,,
2019-11-01,71.6,34.1,50.9,25.1,42.3,0,,11.4,6.3,,
2019-11-02,77.3,38,53.8,26.5,39.9,0,,10.3,3.7,,
2019-11-03,74,39.6,54.2,30.5,42.1,0,,12.8,6.9,,
2019-11-04,74.7,40.3,54.9,31.9,45.9,0,,10.3,4.3,,
2019-11-05,79.1,41.7,54.6,35.2,49.1,0,,10.3,5.8,,
2019-11-06,74.9,44.8,56.2,37.5,53.2,0,,10.3,6.6,,
2019-11-07,72.2,41.1,56,39.3,57.1,0,,10.3,8.2,,
2019-11-08,78.2,41.2,55.7,37.4,56,0,,8.1,6.6,,
2019-11-09,76,39.1,54.7,35.4,53,0,,15,4.7,,
2019-11-10,78.1,43.6,57.5,36.9,51.1,0,,17.2,4.3,,
2019-11-11,78.3,43.1,58.8,40.8,54.8,0,,10.3,3.9,,
2019-11-12,74.3,45.7,56.6,43.4,63.9,0,,10.3,3.4,,
2019-11-13,69.6,44.1,56.3,43.5,64.5,0,,10.3,4.7,,
2019-11-14,62.8,51.5,56,47.4,73.8,0,,11.4,11.8,,
2019-11-15,64.8,49.6,56.1,50.1,80.8,0.012,rain,8.1,5.8,,
2019-11-16,70.5,46.3,54.9,45.9,74.5,0,,13.9,3.6,,
2019-11-17,77.3,43,56.7,42.1,62.7,0,,13.9,3.9,,
2019-11-18,82.1,44.2,58.8,44.5,62.6,0,,13.9,10.1,,
2019-11-19,62.9,51.4,57.2,45.3,65.1,0,,26.6,15.7,,
2019-11-20,67.1,42.6,52.8,34.5,54,0,,18.3,10.5,,
2019-11-21,66.1,37.1,48.6,31.9,56.1,0,,13.9,4.5,,
2019-11-22,65,35.7,48.3,36.7,66.5,0,,11.4,5.2,,
2019-11-23,67.6,35.1,49,36.5,65.5,0,,19.7,4.7,,
2019-11-24,67.6,36,48.9,35.3,62.6,0,,13.9,5.1,,
2019-11-25,60.6,41.8,52.1,29.5,44.8,0,,35.5,23.6,,
2019-11-26,48.8,35.6,42.3,33.8,72.1,0.81,rain,32.6,15.9,,
2019-11-27,47.6,35.9,42.4,35.8,78.4,0.307,rain,27.3,17.6,,
2019-11-28,48.6,34.8,40.1,33.9,79.2,0,,13.9,6.9,,
2019-11-29,49.8,30.9,37.4,31.7,81,0,,12.8,5.4,,
2019-11-30,50.6,33.2,42.6,35.5,76.4,0.363,rain,38,24.2,,
2019-12-01,53.3,46.2,50,46.6,88.2,0.762,rain,32.2,13.7,,
2019-12-02,56.8,50.7,54,47.6,79.2,0.158,rain,28.9,12,,
2019-12-03,65.5,49.5,56,50.2,81.9,0,,18.3,5.6,,
2019-12-04,57.2,47,52.4,49.2,89.1,0.068,rain,13.9,5.6,,
2019-12-05,57.8,47.9,53.8,49.1,84.5,0,,25.3,11.1,,
2019-12-06,57.4,54.2,55.5,50.3,82.9,1.208,rain,38,18,,
2019-12-07,59.8,53.1,56.1,52.3,87.4,1.218,rain,30,15.9,,
2019-12-08,59.4,45.5,52.9,49.2,87.8,0.124,rain,16.1,6.5,,
2019-12-09,56,46.9,49.6,46.5,89.4,0,,9.2,8.1,,
2019-12-10,55.3,49,51.1,46.4,84.5,0.182,rain,27.7,11.2,,
2019-12-11,55.7,49.4,52.8,50.3,91.3,0.298,rain,20.8,10.1,,
2019-12-12,60.2,50.6,55.6,52.5,89.5,0.012,rain,13.9,4.9,,
2019-12-13,53.5,48.6,52.2,50,92.5,0.313,rain,16.1,9.4,,
2019-12-14,53.8,42.1,47.8,41.5,79.5,0.262,rain,18.3,9.6,,
2019-12-15,53.1,39.8,45.5,40,81.6,0,,11.4,6,,
2019-12-16,53.9,35.2,41.6,36.5,83.4,0,,10.3,5.6,,
2019-12-17,55.9,37.2,47.4,33.8,61.3,0,,32.2,16.5,,
2019-12-18,49.8,43.7,47.1,41,79.5,0.486,rain,27.7,17.2,,
2019-12-19,53.5,46.7,50.4,47.9,91,0.137,rain,15,6.9,,
2019-12-20,56.9,50.9,53.6,48.9,84.3,0,,19.7,8.6,,
2019-12-21,56.3,47.6,52.3,42,68.7,0,,33.3,16.7,,
2019-12-22,53.9,39.4,48.6,42,78.7,0.108,rain,26.4,16.7,,
2019-12-23,52,33.9,41,35.8,82.8,0,,15,5.6,,
2019-12-24,48.5,33.4,41.1,35.6,81.1,0.012,rain,8.1,4.7,,
2019-12-25,48.3,38.7,43.9,37.9,80,0.066,rain,15,9.4,,
2019-12-26,54.8,31.8,40.9,33.3,75.7,0,,13.9,5.4,,
2019-12-27,54.9,32,40.5,31.7,72.5,0,,16.1,4.1,,
2019-12-28,57.2,30.8,43.4,35.1,74.5,0,,17.2,5.6,,
2019-12-29,50,39.8,45,41.6,87.8,0.159,rain,19.7,6.9,,
2019-12-30,54.1,39.5,44.3,41.1,88.9,0,,11.4,4.7,,
2019-12-31,61.1,36,46.3,39.5,78.6,0,,13.9,4.9,,
2020-01-01,61.5,48.1,53.5,45.6,74.9,0,,19.1,14.4,,
2020-01-02,63.2,38,48.6,39.6,73.4,0,,17.2,7.1,,
2020-01-03,60.5,36,46.8,38.1,73.6,0,,17.2,8.6,,
2020-01-04,56.3,43,48,41.3,78.7,0.122,rain,15,8.8,,
2020-01-05,51.4,36.5,43.7,37.9,80.3,0,,12.8,9.4,,
2020-01-06,57,33.2,42.6,33.7,72.9,0,,16.1,4.9,,
2020-01-07,55.6,30.8,43.1,36.8,79.5,0.103,rain,11.4,5.1,,
2020-01-08,51.3,43.2,46.4,43,87.8,0.012,rain,12.8,4.3,,
2020-01-09,55.6,40.3,47.7,42,81.5,0.373,rain,33.3,7.5,,
2020-01-10,55.2,35.7,44.4,37.4,77.6,0.059,rain,12.8,6.2,,
2020-01-11,52.9,41.1,47.1,40.6,79.1,0.036,rain,21.1,12.6,,
2020-01-12,47.9,34.9,42.1,38.3,86.4,0.048,rain,12.8,8.2,,
2020-01-13,48.8,41.5,45.6,42.2,88.1,0.143,rain,19.7,11.2,,
2020-01-14,50.1,37.8,44.9,39.3,81.2,0.06,rain,18.3,8.6,,
2020-01-15,47.9,37.4,42.3,37.7,84.1,0.036,rain,24.2,12.2,,
2020-01-16,49.7,38.4,43.3,39.2,85.7,1.06,rain,29.9,19.5,,
2020-01-17,47.8,39.3,42.8,39.2,87.5,0.051,rain,15,4.1,,
2020-01-18,52.1,37.1,44.1,38.4,82.5,0,,10.3,3.4,,
2020-01-19,54,36.8,45,39.3,81.1,0,,10.3,3.9,,
2020-01-20,56.6,43,48.5,40.4,75.2,0,,20.8,9.9,,
2020-01-21,53.7,46.6,50,46.5,87.9,0.346,rain,21.9,10.9,,
2020-01-22,58.1,44.3,48.8,44.6,85.8,0,,9.2,5.6,,
2020-01-23,56.6,40.8,47.6,43.3,85.8,0,,8.1,4.5,,
2020-01-24,58.4,48.7,52.8,49.9,90.2,0.126,rain,13.9,6.4,,
2020-01-25,58.7,53.3,55.6,53.5,92.6,0.322,rain,16.1,9.2,,
2020-01-26,59,47,53.6,47,79.8,0.205,rain,18.9,11,,
2020-01-27,56.6,47.8,50.9,46.8,86.1,0.092,rain,8.1,5.8,,
2020-01-28,59.3,44.9,52.5,45.3,77.7,0.107,rain,16.8,9.9,,
2020-01-29,60.2,40.5,49.1,41.9,77,0,,12.8,5.2,,
2020-01-30,66.5,47.9,54.6,46.3,75.2,0,,13.9,7.1,,
2020-01-31,67.6,44.2,52.8,45.9,79,0,,13.9,4.9,,
2020-02-01,68,44.1,51.6,45.8,82.4,0,,12.8,5,,
2020-02-02,52.8,40.4,47.5,35,63.2,0,,26.4,15.7,,
2020-02-03,51.7,31.7,40.9,29.5,66,0,,17.2,10.5,,
2020-02-04,56.9,29.7,41.4,27.2,62,0,,15,4.7,,
2020-02-05,63.8,36.5,47.3,35.7,66.5,0,,17.2,7.7,,
2020-02-06,69,38.4,50.1,40.5,72.1,0,,15,4.3,,
2020-02-07,69.8,36,50,37.1,66.1,0,,17.2,9.6,,
2020-02-08,57,37.1,47.3,35.2,65,0,,23,15.6,,
2020-02-09,63.2,33.2,46.4,26.4,53.1,0,,21.9,11.6,,
2020-02-10,74,33.2,48.5,31.6,57,0,,16.1,5.6,,
2020-02-11,72.7,36.5,51.8,35.6,59.4,0,,15,5.6,,
2020-02-12,68.8,38,51.9,38.5,63.7,0,,13.9,4.7,,
2020-02-13,61.1,37.8,47.1,38.9,74.3,0,,8.1,12.7,,
2020-02-14,64.6,41.2,50.4,40.3,70.3,0,,16.1,5.8,,
2020-02-15,65.5,38,50,35.4,61.5,0,,18.9,11.8,,
2020-02-16,62.3,46.1,52.5,42.4,69.1,0,,18.3,12.7,,
2020-02-17,68.2,38,51.4,36.4,62,0,,16.1,6.7,,
2020-02-18,70.1,35.9,49.6,34.5,60.1,0,,12.8,9.2,,
2020-02-19,65.9,33.3,48.1,33.2,60.8,0,,11.4,10.3,,
2020-02-20,64.6,36.9,49.4,35.4,62.2,0,,11.4,4.7,,
2020-02-21,69,40.2,52.9,37,58.8,0,,16.1,7.5,,
2020-02-22,71.1,37.9,51.8,37.2,60.9,0,,18.3,10.7,,
2020-02-23,63.1,41,51.8,40.4,67.2,0,,20.3,14.8,,
2020-02-24,74,37.7,51.7,35.8,59.8,0,,17.2,10.5,,
2020-02-25,75.5,38.9,55,38.2,57.6,0,,18.3,5.8,,
2020-02-26,76,38.9,55.8,39.6,60.2,0,,12.8,6,,
2020-02-27,74.5,39.7,55.6,40.8,62.5,0,,11.4,5.6,,
2020-02-28,70.8,42.8,54.4,39.3,60.6,0,,18.3,8.6,,
2020-02-29,57.6,42.1,48.9,35.4,61.2,0,,23,16.3,,
2020-03-01,59.7,39.3,49.1,24.1,45.6,0,,22.7,14.2,,
2020-03-02,69,39.8,54.3,25.5,35.5,0,,19.7,13.1,,
2020-03-03,80.1,40.5,56.7,39.6,57.2,0,,19.7,10.5,,
2020-03-04,77,43.1,57.9,40.3,57.3,0,,12.8,7.3,,
2020-03-05,64.7,40.8,52.7,43.5,71.6,0,,15.8,12,,
2020-03-06,56.1,47,51.6,43.2,73.2,0,,10.3,7.5,,
2020-03-07,55,40.9,48.1,37.9,68.6,0.02,rain,11.4,9.2,,
2020-03-08,55.4,34,44.9,34.1,68.4,0,,18.4,10.1,,
2020-03-09,62.8,42.4,51.2,37.1,60.6,0,,15,8.1,,
2020-03-10,73.5,38.2,53.9,36.7,57.5,0,,17.2,9.7,,
2020-03-11,70.6,39.8,54.3,39.4,60.4,0,,12.8,11.8,,
2020-03-12,77.7,40.5,57.1,38.1,54.4,0,,13.9,6.9,,
2020-03-13,63,40.6,51.2,40.3,67.8,0,,20.8,15,,
2020-03-14,50.8,42.4,45.6,37.7,75,0.176,rain,20.8,11.6,,
2020-03-15,48.8,37.9,43.2,36,76.6,0.477,rain,26.4,10.7,,
2020-03-16,53.2,34.6,42.3,34.5,75.9,0,,18.3,13.5,,
2020-03-17,48.3,38.9,43.6,38.8,83.4,0.122,rain,13.9,5.4,,
2020-03-18,53.5,42.6,46.7,40.5,80,0.35,rain,15,6.2,,
2020-03-19,59.6,42.9,49.5,41,75.1,0,,8.1,8.4,,
2020-03-20,62.7,37.7,48.7,38.2,71,0,,15,8.8,,
2020-03-21,66.7,37.9,50.7,37.9,65.5,0,,11.4,8.2,,
2020-03-22,67.4,39,51.2,41.4,72.5,0.059,rain,11.4,10.7,,
2020-03-23,55.2,41.4,48.3,39.1,72.2,0,,13.9,12,,
2020-03-24,51.8,43.8,46.8,41.3,81.4,0.27,rain,12.8,7.3,,
2020-03-25,54.3,38.4,45.4,35.6,70.8,0.012,rain,21.6,11.4,,
2020-03-26,57.6,34.2,45,33.3,66.5,0.024,rain,20.8,12.2,,
2020-03-27,56,35.5,45.9,35.7,69.1,0,,18.2,9,,
2020-03-28,52.8,44.6,48.8,43.3,81.4,0.068,rain,11.4,7.1,,
2020-03-29,56.3,48.3,51.6,46.2,81.9,0.119,rain,10.3,8.4,,
2020-03-30,57.2,47.5,52,46.2,81,0,,11.4,7.1,,
2020-03-31,61.4,48.3,53.7,47.5,80,0.012,rain,20.5,10.7,,
2020-04-01,56.9,41.9,49.3,34.9,59.6,0,,23.8,13.9,,
2020-04-02,62.3,35.7,47.9,32.3,58.3,0,,24.2,12.8,,
2020-04-03,60.5,39.5,49.5,33.7,57,0,,20.6,12.8,,
2020-04-04,55.5,40.7,47.1,42.1,82.9,0.483,rain,17.2,10.3,,
2020-04-05,53.4,44.2,48.8,40.6,74.3,0.343,rain,20.9,12.4,,
2020-04-06,59,36.6,48.4,36.8,67.5,0,,19.7,9.9,,
2020-04-07,61.5,42.2,50.1,42,75.2,0.02,rain,16.1,8.1,,
2020-04-08,76.1,40.6,55.7,43.7,69.1,0,,16.4,11.2,,
2020-04-09,63.4,50,55.9,48.4,76.6,0,,17,12.9,,
2020-04-10,65.7,52.8,57.6,47.8,70.5,0,,15,10.3,,
2020-04-11,70.5,49.9,57.4,49.4,75.8,0,,16.1,8.2,,
2020-04-12,71.4,48.2,58,47.6,71,0,,19.7,10.3,,
2020-04-13,73.5,42.6,57.3,40.8,59.4,0,,16.1,12.2,,
2020-04-14,76.8,41.3,58.7,36.8,51.5,0,,11.4,12.7,,
2020-04-15,76.8,44.5,60.4,42.7,55.6,0,,19.7,11,,
2020-04-16,74.7,50.1,61.2,48.3,65.7,0,,16.1,11,,
2020-04-17,62.6,50.9,55.1,47.9,77.8,0,,20.8,15.2,,
2020-04-18,61.6,51.2,54.9,44.8,68.9,0,,12.8,8.2,,
2020-04-19,67.5,51.2,56.7,42.8,60.5,0,,17.6,9.7,,
2020-04-20,60.9,49.9,54.5,44.8,70.3,0,,18.3,9.5,,
2020-04-21,71.7,51.2,59,43.1,58.3,0,,23,11,,
2020-04-22,73.1,45.7,60.4,48.3,66.2,0,,20.2,15.4,,
2020-04-23,73.3,53.7,63.6,47.3,59.1,0,,21.9,14,,
2020-04-24,80.3,47.4,64,42.9,50.1,0,,19.7,13.1,,
2020-04-25,78,53.7,64.4,49.5,62.4,0,,16.9,10.9,,
2020-04-26,75.4,50,62.6,35.9,48.6,0,,24.3,14,,
2020-04-27,74,51.3,63.2,42.3,47.5,0,,21.6,14,,
2020-04-28,81.1,52,66.3,51.7,62.7,0,,17.2,9.7,,
2020-04-29,72.5,54.5,62.4,49.6,65.3,0,,19.8,14,,
2020-04-30,71.2,50.5,59.9,40.5,54.7,0,,20.5,16.3,,
2020-05-01,74.6,41.8,57.9,38.2,51.5,0,,18.4,13.1,,
2020-05-02,63.6,49.1,56.1,49.3,78.4,0.02,rain,12.8,12,,
2020-05-03,67.9,42,54.5,37.2,58.2,0,,21.9,13.9,,
2020-05-04,76.3,40,57.9,32.2,45.7,0,,20.1,12.2,,
2020-05-05,75.9,43.8,58.7,38.6,49.4,0,,18.3,11.6,,
2020-05-06,76.4,47.8,62.2,38.6,46.1,0,,23,12.4,,
2020-05-07,92,45.7,66.5,39.6,45.6,0,,17.2,10.3,,
2020-05-08,93.8,48.3,69.3,42.8,44.4,0,,16.1,10.3,,
2020-05-09,92,49,67.5,44.6,49.1,0,,19.7,11,,
2020-05-10,77.7,50,61.2,45.8,62.3,0,,16.1,8.6,,
2020-05-11,60.5,51.7,54.8,48.2,78.4,0.083,rain,28.9,11.8,,
2020-05-12,62.6,51.5,56.1,49,77.9,0.146,rain,16.2,11.6,,
2020-05-13,61.8,48.8,54.9,47.3,76.2,0.024,rain,19.7,12.4,,
2020-05-14,67.8,52.3,58.4,48.2,70.2,0,,11.4,8.8,,
2020-05-15,74,46.9,60,43.3,58.3,0,,18.3,12.8,,
2020-05-16,69,50.8,59.5,46.6,63.8,0.204,rain,19.7,12.2,,
2020-05-17,64,54.2,58,51.9,81.3,0.264,rain,20.8,11.6,,
2020-05-18,61.9,51.2,55.6,48.4,78,0.549,rain,12.8,13.1,,
2020-05-19,66.4,49.7,57,46.7,70.4,0,,21.9,13.3,,
2020-05-20,71.3,48,59,46.6,65.8,0,,21.9,13.5,,
2020-05-21,74.9,48.6,60.7,45.9,61.9,0,,23.4,15.9,,
2020-05-22,69.4,48.5,59.4,41.4,54,0,,20.8,13.1,,
2020-05-23,77.1,46.6,62.1,42.3,53.9,0,,18.7,13.5,,
2020-05-24,91.1,50.2,68.8,45.8,50.5,0,,19.7,11.4,,
2020-05-25,96.2,55.5,74.5,51.2,49.8,0,,17.2,8.1,,
2020-05-26,96.2,58.8,76.3,54.8,53.6,0,,20.8,11.4,,
2020-05-27,96.2,58.9,75.7,53.8,52.8,0,,17.2,11.4,,
2020-05-28,99,56.1,76.2,52.6,50.4,0,,8.1,10.3,,
2020-05-29,80.4,54.6,65.7,54.3,68.3,0,,21.8,13.5,,
2020-05-30,66.8,57.3,61.6,52.8,73.7,0.012,rain,15,9.6,,
2020-05-31,72.2,53,62.5,51.9,70,0,,13.9,6.4,,
2020-06-01,80.4,56.8,67.5,51.8,59.8,0,,17.2,9.2,,
2020-06-02,93.8,56,73.8,52.2,53.6,0,,15,11.4,,
2020-06-03,97.1,57.7,76.5,53.2,51.2,0,,18.3,14.3,,
2020-06-04,95,57.9,75.3,50.3,47.1,0,,16.1,11.4,,
2020-06-05,72.7,54.8,63.5,45.5,53.2,0,,22.4,14,,
2020-06-06,67,50.1,58.1,41.9,57,0,,26.7,17,,
2020-06-07,65.3,46.6,56.9,40.8,56.7,0,,22.9,15,,
2020-06-08,75.6,45.7,60.7,34.9,44,0,,19.5,12.6,,
2020-06-09,82.9,48.6,66.4,41.9,43.6,0,,17.5,10.1,,
2020-06-10,86.3,51.8,69.8,50.5,54.3,0,,17.2,12.6,,
2020-06-11,82.1,57.5,68.8,52.9,59.2,0,,18.9,12.4,,
2020-06-12,66.6,56.6,60.1,49.1,67.8,0,,20.3,13.1,,
2020-06-13,70.7,54.8,62.1,45.1,55.4,0,,15.5,12.7,,
2020-06-14,79.4,53.3,65.4,49.3,59.3,0,,18.3,11.6,,
2020-06-15,72,57,63.5,47.7,57.4,0,,24.5,14,,
2020-06-16,70.9,53.7,61.9,44.6,54.5,0,,25.3,16.3,,
2020-06-17,84.5,48.5,66,41.8,47.7,0,,19.7,13.1,,
2020-06-18,95,52.8,73,41.1,40.5,0,,17.2,10.3,,
2020-06-19,98.1,56.1,75,46.1,41.7,0,,19.7,13.9,,
2020-06-20,95,54.4,72.2,50.1,52.5,0,,25.3,16.1,,
2020-06-21,91.1,60,75.1,55,53.1,0,,19.7,10.3,,
2020-06-22,101.9,59.6,80.1,54.2,48.6,0,,17.2,11.4,,
2020-06-23,101,58.8,77.8,56.2,52,0,,16.1,11.4,,
2020-06-24,95,59,73.8,54.7,54.8,0,,18.3,12.4,,
2020-06-25,102.8,62.9,81.3,56.7,48,0,,19.7,13.9,,
2020-06-26,107.1,59.6,80.3,54.3,47.5,0,,20.8,13.9,,
2020-06-27,96.2,55.9,73.5,52.5,52.4,0,,23,15.2,,
2020-06-28,74.8,55.4,67.2,44.2,45.4,0,,24.5,15.3,,
2020-06-29,80.6,53.6,68.6,43.6,44.7,0,,21.9,8.9,,
2020-06-30,90,56.7,71.6,48.2,47.4,0,,17.2,11.4,,
2020-07-01,92.9,54.5,72.4,47.9,47.7,0,,24.2,17.2,,
2020-07-02,91.1,54.4,70.7,48.5,49.7,0,,9.2,13.9,,
2020-07-03,90,51.7,68,44.5,52,0,,19.2,12.8,,
2020-07-04,92,54.5,72.2,40.3,37.9,0,,20.8,13.9,,
2020-07-05,90,53.7,71.1,39.7,37.4,0,,23,17.2,,
2020-07-06,77.2,56,66.6,42.9,44.9,0,,24.2,16.1,,
2020-07-07,81.5,52,67.2,45.5,48.9,0,,21.9,12.5,,
2020-07-08,91.1,53.9,71.5,48.1,48,0,,17.2,11.4,,
2020-07-09,92,58,73.4,46.4,42.1,0,,23,15,,
2020-07-10,97.1,55,75,47.1,43.5,0,,20.8,10.3,,
2020-07-11,101,54.5,76.2,45.2,42.3,0,,15,11.4,,
2020-07-12,99,55.3,75.3,47.6,43.9,0,,19.7,12.8,,
2020-07-13,96.2,60.6,77.5,52.6,45.7,0,,15,13.9,,
2020-07-14,98.1,60.2,77.8,52.7,45.2,0,,15,11.4,,
2020-07-15,101,56,75.9,51.9,49.3,0,,15,11.4,,
2020-07-16,97.1,56,74.4,54.3,53.9,0,,15,9.2,,
2020-07-17,92.9,55.2,72.3,54.6,57.9,0,,17.2,12.8,,
2020-07-18,98.1,56.5,74.9,52.7,52.3,0,,11.4,12.8,,
2020-07-19,98.1,57,75,53.5,52.5,0,,9.2,9.2,,
2020-07-20,96.2,55.4,72.3,52.9,56.7,0,,10.3,8.1,,
2020-07-21,92.9,56.2,71.8,54.5,58.7,0,,23,15,,
2020-07-22,90,56.5,69.9,54.5,62.2,0,,20.8,12.8,,
2020-07-23,96.2,57,73.7,52.1,52.8,0,,18.3,14.8,,
2020-07-24,95,59.7,74.7,51,47,0,,19.7,12.8,,
2020-07-25,98.1,54.6,74.4,50.2,49.4,0,,20.8,13.9,,
2020-07-26,99,56.8,76.3,50.5,46.8,0,,18.3,13.9,,
2020-07-27,100.1,56.5,76.5,47.1,42.9,0,,19.7,15,,
2020-07-28,101.9,56.8,76.5,47.6,44,0,,21.9,16.1,,
2020-07-29,98.1,55.9,75.3,48.7,45.4,0,,10.3,11.4,,
2020-07-30,98.1,55.4,73.6,45.6,44,0,,11.4,11.4,,
2020-07-31,92.9,54,70.6,43.2,41.4,0,,17.2,10.3,,
2020-08-01,95,53.7,73.6,45.9,43.9,0,,16.1,11.4,,
2020-08-02,96.2,58,73.9,47,43.9,0,,23,12.8,,
2020-08-03,92.9,57.5,73.4,49.5,46.1,0,,18.3,13.9,,
2020-08-04,93.8,60.3,72.6,53.7,55.6,0,,19.7,12.4,,
2020-08-05,77.4,59.6,66.4,53.9,65.3,0,,16.8,12.6,,
2020-08-06,83.1,56.9,69.3,53.1,59.3,0,,21.7,14.8,,
2020-08-07,93.8,58,74.2,53.6,53.3,0,,21.9,12.8,,
2020-08-08,99,60.4,78.3,53.6,47.6,0,,10.3,9.2,,
2020-08-09,104,59.3,79,53,46.3,0,,23,11.4,,
2020-08-10,104,61.5,78.9,49.5,41.1,0,,21.9,13.9,,
2020-08-11,93.8,57.4,71.5,54.4,59.7,0,,15,8.1,,
2020-08-12,97.1,54.5,73.4,46.8,49.7,0,,9.2,12.8,,
2020-08-13,101.9,53.5,76.5,40.6,34,0,,11.4,11.4,,
2020-08-14,104,63.2,81.9,46.8,33.2,0,,13.9,9.9,,
2020-08-15,106.1,65.1,83.9,52.5,38.7,0,,19.7,13.9,,
2020-08-16,104,69.6,82.9,54.7,41.1,0,,21.9,13.9,,
2020-08-17,80.1,68.6,73.1,61.2,68.1,0.054,rain,18.3,8.6,,
2020-08-18,102.8,65.1,81.4,53.3,54,0,,30,16.1,1,
2020-08-19,100.1,59.2,77.3,39.6,32.5,0,,23,15,1,
2020-08-20,87.8,52.7,70.8,46,45.6,0,,22.9,15.4,1,
2020-08-21,89.3,62.4,74.4,55.9,55,0,,17.2,11.8,,
2020-08-22,99,59.4,76,55,54,0,,16.1,10.3,,
2020-08-23,97.1,58.9,75.4,49.6,46.7,0,,15,12.8,,
2020-08-24,93.8,65.3,76.5,51.4,44.2,0,,11.4,13.9,1,
2020-08-25,93.8,59.3,74.8,47.4,41.4,0,,9.2,8.1,,
2020-08-26,95,58.1,73.1,46,44.1,0,,19.7,15,,
2020-08-27,95,53,71.8,50,51.2,0,,12.8,10.3,1,
2020-08-28,93.8,58.7,73.2,54.7,56.2,0,,11.4,6.9,1,
2020-08-29,88.1,53.7,67.5,53.8,61.7,0,,10.3,8,1,
2020-08-30,97.1,53.9,72.9,53.2,55.7,0,,9.2,9.2,1,
2020-08-31,91.1,57.9,71.4,53.3,56.2,0,,11.4,6.9,1,
2020-09-01,82.4,56.7,67.9,53.9,62.9,0,,15,6.6,1,
2020-09-02,83.4,56.9,67,55,68.1,0,,10.3,7.1,1,
2020-09-03,96.2,55.9,71.2,53.5,59.5,0,,15,6.9,1,
2020-09-04,97.1,54.4,71.5,46.6,46.3,0,,18.3,10.3,1,
2020-09-05,107.1,55.4,76.9,45.9,42.4,0,,13.9,9.2,1,
2020-09-06,109.1,60.7,81.2,46.6,36,0,,16.1,12.8,1,
2020-09-07,110.9,64.9,84.5,44.8,31,0,,24.2,13.9,1,
2020-09-08,79.7,60.2,70.1,45.4,42.2,0,,12.8,4.3,1,
2020-09-09,67.3,56.7,60.9,46.1,58.8,0,,20.8,6.2,1,
2020-09-10,68.2,52.9,59.6,49.1,68.8,0,,15,3.6,1,
2020-09-11,82.4,48.4,63.3,48.2,62.9,0,,12.8,4.9,1,
2020-09-12,95,50.7,68.7,45.9,52.6,0,,12.8,5.8,,
2020-09-13,92,52.3,67.9,45.3,48.8,0,,15,11.4,,
2020-09-14,85.1,50.1,66.1,46.8,57.1,0,,13.9,9.2,1,
2020-09-15,87.6,50.3,67.3,46.2,54.4,0,,10.3,10.5,1,
2020-09-16,87.2,54.2,68.6,54.2,63.7,0,,12.8,9.7,1,
2020-09-17,84.4,59.3,70,54.5,63.1,0,,17.1,12.6,,
2020-09-18,76.4,56.3,65.4,53.7,67.8,0,,15.5,11.4,1,
2020-09-19,82.5,53.8,66.9,51.5,61.4,0,,21.9,9.9,1,
2020-09-20,86.5,54.5,68.4,48.8,54.5,0,,17.2,9,1,
2020-09-21,85.1,52.2,66.4,47.1,54.6,0,,19.7,12.6,1,
2020-09-22,83.3,51.1,66.3,46,53.7,0,,20.8,11.6,1,
2020-09-23,84.5,51,66.9,48.4,54.7,0,,13.9,11.4,1,
2020-09-24,79.4,61.5,68.5,52.8,60,0,,21.4,13.9,1,
2020-09-25,80.9,54.6,66.4,46.1,52.6,0,,18.4,12,1,
2020-09-26,81.9,55.9,68.2,52.6,60.2,0,,20,12.7,1,
2020-09-27,96.1,55.9,73.4,43.7,45.5,0,,12.8,5.2,1,
2020-09-28,100.1,56.8,73.8,40.6,35.5,0,,11.4,4.7,1,
2020-09-29,93.8,53.7,70.8,43,42,0,,11.4,11.4,1,
2020-09-30,100.1,53.8,72.5,43.2,43.2,0,,17.2,9.1,1,
2020-10-01,96.2,57.5,71,44.8,41.9,0,,19.7,8.1,1,
2020-10-02,99,56.4,72.9,43.6,41.3,0,,17.2,9.2,1,
2020-10-03,99,53.5,72.8,39.2,37.5,0,,23,15,1,
2020-10-04,95,50.9,68.4,38.8,40.9,0,,16.1,10.3,1,
2020-10-05,95,49,68,39.5,43.1,0,,10.3,5.8,1,
2020-10-06,93.8,49.4,67.4,38.6,43.6,0,,11.4,9.2,,
2020-10-07,84.5,45.7,63.2,39.1,47.2,0,,13.9,8.6,,
2020-10-08,73.3,52,60.5,48.2,65.5,0,,11.4,9.6,,
2020-10-09,76.7,49.3,60.7,48.4,67.2,0,,12.8,9.7,,
2020-10-10,67.9,55.7,60.6,53.6,77.9,0,,11.4,8.8,1,
2020-10-11,77.5,50.1,62.2,45.6,59.2,0,,17.2,9,,
2020-10-12,83.7,48.9,64.3,46.8,56.5,0,,21.9,8.6,,
2020-10-13,85.3,52.5,67.3,49.1,57.1,0,,17.1,12.9,,
2020-10-14,85.9,53.7,68.5,47,50.9,0,,13.9,8.6,,
2020-10-15,93,52.2,69.4,42.8,44.2,0,,12.8,5.6,,
2020-10-16,94,49.5,69.2,36.6,38.3,0,,13.9,4.5,,
2020-10-17,93.9,49,68.5,37.6,38.6,0,,13.9,8,,
2020-10-18,89.5,51.3,66.9,41.2,43.9,0,,13.9,9.6,,
2020-10-19,92,50.2,66.5,44,49.5,0,,16.1,8.1,,
2020-10-20,92.9,48.7,65.9,42.3,47.9,0,,12.8,7.7,1,
2020-10-21,83.2,49,64.6,44.7,52.7,0,,17.2,8.8,,
2020-10-22,82.3,48,62.6,42.2,52.5,0,,16.1,5.2,,
2020-10-23,76.1,44.7,58.4,40.8,55.8,0,,10.3,7.7,,
2020-10-24,70.1,44.1,55.9,42.6,63.2,0,,11.4,9.7,,
2020-10-25,70.5,48.2,55.5,42.8,65.9,0,,9.2,9,,
2020-10-26,77.9,40.3,57,11,22.2,0,,16.1,7.9,,
2020-10-27,82.7,41.4,58.2,25.6,33.3,0,,11.4,5.1,,
2020-10-28,82.1,40.6,56.7,31,43.6,0,,10.3,4.7,,
2020-10-29,83,39.6,56,32.8,47.2,0,,10.3,6.4,,
2020-10-30,77.2,38.8,55.4,33.1,48.3,0,,13.9,5.6,,
2020-10-31,79.9,43.3,57.6,36.1,49.4,0,,12.8,6.9,,
2020-11-01,86,41.7,57.9,36.4,51.9,0,,13.9,6.4,,
2020-11-02,88.1,40.6,58.9,33.8,46,0,,13.9,6.6,,
2020-11-03,77.2,39.5,56.5,31,43.3,0,,15,9,,
2020-11-04,81,48,60.4,43.4,51.7,0,,12.8,8.1,,
2020-11-05,81.7,46.1,61.9,46.6,62.6,0,,15,8.2,,
2020-11-06,60.1,42.5,51.1,41.1,69,0.052,rain,26.5,14,,
2020-11-07,59.2,38.3,48.3,35.8,64.1,0,,21.9,13.1,,
2020-11-08,56.1,36.4,48.5,28.8,48.2,0,,25.3,18.9,,
2020-11-09,58.9,26.1,42.1,23.7,52.6,0,,19.7,6.9,,
2020-11-10,62.3,32.6,46.4,33.6,62.7,0,,8.1,9,,
2020-11-11,59,33.2,44.3,34.8,71.4,0,,11.4,3.9,,
2020-11-12,60.4,30.3,45,32.5,64.1,0,,17.2,4.3,1,
2020-11-13,55.7,44.1,49.4,43.3,79.7,0.432,rain,20.8,12.6,,
2020-11-14,60.3,38.2,46.6,38.5,75.6,0,,12.8,4.7,,
2020-11-15,56.2,42.2,50.6,45.8,83.8,0.044,rain,9.2,5.2,,
2020-11-16,68.1,51.7,56.1,51.3,84.8,0,,18.3,4.3,,
2020-11-17,58.7,52.2,55.4,48.9,80.3,0.468,rain,23,11.1,,
2020-11-18,59.6,44.8,54,48.6,82.7,0.288,rain,13.9,8.1,,
2020-11-19,60.2,43,48.8,42.8,81.9,0,,15,4.7,,
2020-11-20,59.9,36.5,44.9,36.4,75.4,0,,13.9,5.1,,
2020-11-21,61.4,32,44.3,33.9,69.9,0,,11.4,4.3,,
2020-11-22,59.7,34.2,45.9,36.2,71.8,0.02,rain,15,3.8,,
2020-11-23,60.8,40,48.3,39.6,74,0,,17.2,11,,
2020-11-24,63.2,35.9,47.6,38.3,72.2,0,,15,4.3,,
2020-11-25,59,41.1,48.9,37.7,67.7,0,,19.7,14.6,,
2020-11-26,61.8,32.8,44.4,30.7,63.4,0,,13.9,4.7,,
2020-11-27,63.5,32,44.1,28.9,60.3,0,,11.4,6.9,,
2020-11-28,62.2,30.5,42.7,29.1,63.1,0,,12.8,5.4,,
2020-11-29,63,31.3,43.4,30.5,64,0,,11.4,3.9,,
2020-11-30,65.7,32,45.9,31.9,62.6,0,,13.9,8,,
2020-12-01,62.9,35.2,46.2,36.1,70,0,,12.8,5.8,,
2020-12-02,65.3,33.3,46,34.5,67.4,0,,13.9,4.5,,
2020-12-03,63.7,35.6,47.3,34.2,64.1,0,,11.4,3.4,,
2020-12-04,64.3,33.5,46.1,33.4,64.8,0,,11.4,4.7,,
2020-12-05,59.2,34.1,45.8,34.5,66.2,0,,20.8,3.6,,
2020-12-06,61.5,37.4,47.5,37.7,70.6,0,,15,5.8,,
2020-12-07,74.2,36,53.7,29.8,46.8,0,,17.2,8.4,,
2020-12-08,68.4,33.8,47.2,30.6,56.8,0,,15,5.2,,
2020-12-09,63.1,35.5,46,32.4,62.2,0,,13.9,4.5,,
2020-12-10,63.1,34.4,45.9,31.4,62,0,,18.2,11.6,,
2020-12-11,47.3,35.4,42.1,37,82,0.848,rain,20.8,4.1,,
2020-12-12,57,45.4,50,45.3,84,0.179,rain,18.3,8.1,,
2020-12-13,53.9,44.2,49.6,45,84.2,0.388,rain,18.3,8.8,,
2020-12-14,55.4,35.1,44.5,37.7,78.1,0,,17.2,8.4,,
2020-12-15,57.2,40.3,49.1,41.8,77.5,0,,9.2,6.2,,
2020-12-16,51.5,49.7,50.5,47.4,89.3,0.514,rain,19.7,15.3,,
2020-12-17,53.8,40,48.8,41,75.6,0.23,rain,20.3,13.9,,
2020-12-18,58.9,33.1,43.2,34.6,73.2,0,,13.9,5.6,,
2020-12-19,60.8,34.7,45.8,37.9,75.2,0,,13.9,6.2,,
2020-12-20,61.2,37.2,46.9,40.1,78.3,0,,12.8,6,,
2020-12-21,61.1,36.1,46.7,38.7,75,0,,16.1,9.9,,
2020-12-22,57.9,37.4,46.2,35.9,69.5,0,,16.1,9.9,,
2020-12-23,59.1,31.2,41.2,30.6,68.7,0,,12.8,5.1,,
2020-12-24,62.8,31.7,45.6,30.1,58.8,0,,25.3,14.1,,
2020-12-25,53.9,49.5,51.5,41.8,71,0.346,rain,31.1,22.1,,
2020-12-26,55.8,40.3,49.3,42.9,79.6,0.182,rain,13.9,8.8,,
2020-12-27,54.5,37.9,42.6,36.5,80,0,,12.8,5.6,,
2020-12-28,59.1,33.4,42.7,33.9,73.1,0,,12.8,4.3,,
2020-12-29,57.8,30.6,41.7,32.8,72.4,0,,10.3,5.2,,
2020-12-30,55.5,33.1,43.2,34.8,74.7,0.235,rain,15,8.1,,
2020-12-31,56.3,37.7,46.3,39.9,79.1,0,,13.9,10.3,,
2021-01-01,57,36.1,45.5,38.9,78.6,0.118,rain,13.9,9.2,,
2021-01-02,54.5,48.4,50.4,46.8,87.8,0.012,rain,11.4,5.4,,
2021-01-03,56.3,48.8,52.1,47.3,84.2,0,,15,9.9,,
2021-01-04,56.7,41.3,50.5,44.7,81,0.538,rain,31.1,13.9,,
2021-01-05,54.5,40.7,45.8,40.4,81.8,0,,11.4,7.1,,
2021-01-06,48.6,39,44.6,41.4,88.7,0.209,rain,19.7,7.1,,
2021-01-07,54.8,43.4,48.4,42.7,80.9,0,,15,4.9,,
2021-01-08,58.3,40,49.6,42.4,78.1,0.283,rain,12.8,12,,
2021-01-09,58.6,34.4,44,35.2,73.3,0,,12.8,6.8,,
